row_index,TweetId,occurrence_in_row,alignment_type,wrong_word,correct_word,review_label,review_reason,wrong_in_processed_freq,correct_in_processed_freq,wrong_in_original_freq,edit_distance,orthographic_variant,original_block,processed_block,CleanOriginal,CleanProcessed,TweetOriginal,TweetProcess
130,6727,1,token_replace,مرتد,مرد,likely_real_word_contextual,manual full-corpus review: source and target are valid words/forms in context,37,30,32,1,False,یہودن مرتد,یہودی مرد,میں یہی تو بات کر رہا ہوں کہ یہ لوگ بغض میں اتنے اندھے ہو گئے کہ ایک مسلمان عورت، چاہے جیسی بھی ہے وہ،اس کے مقابلے میں ایک یہودن مرتد کی تعریفیں کر رہے ہیں ۔ بے شرم لوگ۔,میں یہی تو بات کر رہا ہوں کہ یہ لوگ بغض میں اتنے اندھے ہو گئے کہ ایک مسلمان عورت، چاہے جیسی بھی ہے وہ،اس کے مقابلے میں ایک یہودی مرد کی تعریفیں کر رہے ہیں ۔ بےشرم لوگ۔,@Hussain50481396 @farzana_amjid میں یہی تو بات کر رہا ہوں کہ یہ لوگ بغض میں اتنے اندھے ہو گئے کہ ایک مسلمان عورت، چاہے جیسی بھی ہے وہ،اس کے مقابلے میں ایک یہودن مرتد کی تعریفیں کر رہے ہیں ۔ بے شرم لوگ۔,@Hussain50481396 @farzana_amjid میں یہی تو بات کر رہا ہوں کہ یہ لوگ بغض میں اتنے اندھے ہو گئے کہ ایک مسلمان عورت، چاہے جیسی بھی ہے وہ،اس کے مقابلے میں ایک یہودی مرد کی تعریفیں کر رہے ہیں ۔ بےشرم لوگ۔
154,8573,1,token_replace,نا,ہونا,likely_real_word_contextual,manual full-corpus review: source and target are valid words/forms in context,143,58,154,2,False,پیداہو نا,پیدا ہونا,پیداہو نا لازمی ہے کہ مال کے حریص یہودی اور عیسائی اس مہم پر اربوں کھر بوں ڈالر آخر کیوں خرچکر رہے ہیں؟ یہ عالم اسلام اور باقی دنیا کے خلاف کو ئی خطرناک سازش تو نہیں ہے؟ اس کے علاوہغور طلب بات یہ بھی ہے کہ دور ماضی میں ملیریا اور چیچک کے خاتمے کے لیے ٹیکے لگائے گئے تھے ۔کیا ان,پیدا ہونا لازمی ہے کہ مال کے حریص یہودی اور عیسائی اس مہم پر اربوں کھر بوں ڈالر آخر کیوں خرچ کر رہے ہیں؟ یہ عالم اسلام اور باقی دنیا کے خلاف کو ئی خطرناک سازش تو نہیں ہے؟ اس کے علاوہ غور طلب بات یہ بھی ہے کہ دور ماضی میں ملیریا اور چیچک کے خاتمے کے لیے ٹیکے لگائے گئے تھے,5/ پیداہو نا لازمی ہے کہ مال کے حریص یہودی اور عیسائی اس مہم پر اربوں کھر بوں ڈالر آخر کیوں خرچکر رہے ہیں؟ یہ عالم اسلام اور باقی دنیا کے خلاف کو ئی خطرناک سازش تو نہیں ہے؟ اس کے علاوہغور طلب بات یہ بھی ہے کہ دور ماضی میں ملیریا اور چیچک کے خاتمے کے لیے ٹیکے لگائے گئے تھے ۔کیا ان,5/ پیدا ہونا لازمی ہے کہ مال کے حریص یہودی اور عیسائی اس مہم پر اربوں کھر بوں ڈالر آخر کیوں خرچ کر رہے ہیں؟ یہ عالم اسلام اور باقی دنیا کے خلاف کو ئی خطرناک سازش تو نہیں ہے؟ اس کے علاوہ غور طلب بات یہ بھی ہے کہ دور ماضی میں ملیریا اور چیچک کے خاتمے کے لیے ٹیکے لگائے گئے تھے
181,9899,1,token_replace,ہر,پر,likely_real_word_contextual,manual full-corpus review: source and target are valid words/forms in context,168,1383,152,1,False,ہر,پر,ایسے صحافی ہر لعنت ہی بنتی جو اپنی خبر کی تصدیق نا کر سکتا ہو,ایسے صحافی پر لعنت ہی بنتی جو اپنی خبر کی تصدیق نا کر سکتا ہو,@CMMobeen @SenDrAbdulKarim @mahwishzafar7 @Hestia2007 @afnanullahkh @summandar01 @RehamKhan1 @realrazidada @UmarCheema1 @asmashirazi @sanabucha ایسے صحافی ہر لعنت ہی بنتی جو اپنی خبر کی تصدیق نا کر سکتا ہو,@CMMobeen @SenDrAbdulKarim @mahwishzafar7 @Hestia2007 @afnanullahkh @summandar01 @RehamKhan1 @realrazidada @UmarCheema1 @asmashirazi @sanabucha ایسے صحافی پر لعنت ہی بنتی جو اپنی خبر کی تصدیق نا کر سکتا ہو
250,11436,1,token_replace,دیر,دے,likely_real_word_contextual,manual full-corpus review: source and target are valid words/forms in context,17,221,17,2,False,دیر,دے,یہ سارے بیغرت کی نسل لندن کورٹ میں جھوٹی گواہی دیر کر اور میڈیا پر خود کو عوام کی نظر میں بے قصور ظاہر کررہے ہیں انکو بتاتا چلو یہ نہیں ہے عوام سب جانتی ہے تم نے کیا کیا حرامی پنا دیکھایا اپنا عوام کیسی کو نہیں چھوڑے گی,یہ سارے بیغرت کی نسل لندن کورٹ میں جھوٹی گواہی دے کر اور میڈیا پر خود کو عوام کی نظر میں بے قصور ظاہر کررہے ہیں انکو بتاتا چلوں یہ نہیں ہے عوام سب جانتی ہے تم نے کیا کیا حرامی پنا دیکھایا اپنی عوام کسی کو نہیں چھوڑے گی,"یہ سارے بیغرت کی نسل لندن کورٹ میں جھوٹی گواہی دیر کر اور میڈیا پر خود کو عوام کی نظر میں بے قصور ظاہر کررہے ہیں
انکو بتاتا چلو یہ 1992 نہیں 2022 ہے عوام سب جانتی ہے تم نے کیا کیا حرامی پنا دیکھایا اپنا عوام کیسی کو نہیں چھوڑے گی
#AltafNeedsJustice
#الطاف_کا_پاکستان_زندہ_باد https://t.co/GzDDKdSPDj","یہ سارے بیغرت کی نسل لندن کورٹ میں جھوٹی گواہی دے کر اور میڈیا پر خود کو عوام کی نظر میں بے قصور ظاہر کررہے ہیں
انکو بتاتا چلوں یہ 1992 نہیں 2022 ہے عوام سب جانتی ہے تم نے کیا کیا حرامی پنا دیکھایا اپنی عوام کسی کو نہیں چھوڑے گی

 "
250,11436,1,token_replace,چلو,چلوں,likely_real_word_contextual,manual full-corpus review: source and target are valid words/forms in context,12,2,12,1,False,چلو,چلوں,یہ سارے بیغرت کی نسل لندن کورٹ میں جھوٹی گواہی دیر کر اور میڈیا پر خود کو عوام کی نظر میں بے قصور ظاہر کررہے ہیں انکو بتاتا چلو یہ نہیں ہے عوام سب جانتی ہے تم نے کیا کیا حرامی پنا دیکھایا اپنا عوام کیسی کو نہیں چھوڑے گی,یہ سارے بیغرت کی نسل لندن کورٹ میں جھوٹی گواہی دے کر اور میڈیا پر خود کو عوام کی نظر میں بے قصور ظاہر کررہے ہیں انکو بتاتا چلوں یہ نہیں ہے عوام سب جانتی ہے تم نے کیا کیا حرامی پنا دیکھایا اپنی عوام کسی کو نہیں چھوڑے گی,"یہ سارے بیغرت کی نسل لندن کورٹ میں جھوٹی گواہی دیر کر اور میڈیا پر خود کو عوام کی نظر میں بے قصور ظاہر کررہے ہیں
انکو بتاتا چلو یہ 1992 نہیں 2022 ہے عوام سب جانتی ہے تم نے کیا کیا حرامی پنا دیکھایا اپنا عوام کیسی کو نہیں چھوڑے گی
#AltafNeedsJustice
#الطاف_کا_پاکستان_زندہ_باد https://t.co/GzDDKdSPDj","یہ سارے بیغرت کی نسل لندن کورٹ میں جھوٹی گواہی دے کر اور میڈیا پر خود کو عوام کی نظر میں بے قصور ظاہر کررہے ہیں
انکو بتاتا چلوں یہ 1992 نہیں 2022 ہے عوام سب جانتی ہے تم نے کیا کیا حرامی پنا دیکھایا اپنی عوام کسی کو نہیں چھوڑے گی

 "
250,11436,1,token_replace,اپنا,اپنی,likely_real_word_contextual,manual full-corpus review: source and target are valid words/forms in context,88,318,82,1,False,اپنا,اپنی,یہ سارے بیغرت کی نسل لندن کورٹ میں جھوٹی گواہی دیر کر اور میڈیا پر خود کو عوام کی نظر میں بے قصور ظاہر کررہے ہیں انکو بتاتا چلو یہ نہیں ہے عوام سب جانتی ہے تم نے کیا کیا حرامی پنا دیکھایا اپنا عوام کیسی کو نہیں چھوڑے گی,یہ سارے بیغرت کی نسل لندن کورٹ میں جھوٹی گواہی دے کر اور میڈیا پر خود کو عوام کی نظر میں بے قصور ظاہر کررہے ہیں انکو بتاتا چلوں یہ نہیں ہے عوام سب جانتی ہے تم نے کیا کیا حرامی پنا دیکھایا اپنی عوام کسی کو نہیں چھوڑے گی,"یہ سارے بیغرت کی نسل لندن کورٹ میں جھوٹی گواہی دیر کر اور میڈیا پر خود کو عوام کی نظر میں بے قصور ظاہر کررہے ہیں
انکو بتاتا چلو یہ 1992 نہیں 2022 ہے عوام سب جانتی ہے تم نے کیا کیا حرامی پنا دیکھایا اپنا عوام کیسی کو نہیں چھوڑے گی
#AltafNeedsJustice
#الطاف_کا_پاکستان_زندہ_باد https://t.co/GzDDKdSPDj","یہ سارے بیغرت کی نسل لندن کورٹ میں جھوٹی گواہی دے کر اور میڈیا پر خود کو عوام کی نظر میں بے قصور ظاہر کررہے ہیں
انکو بتاتا چلوں یہ 1992 نہیں 2022 ہے عوام سب جانتی ہے تم نے کیا کیا حرامی پنا دیکھایا اپنی عوام کسی کو نہیں چھوڑے گی

 "
250,11436,1,token_replace,کیسی,کسی,likely_real_word_contextual,manual full-corpus review: source and target are valid words/forms in context,8,251,12,1,False,کیسی,کسی,یہ سارے بیغرت کی نسل لندن کورٹ میں جھوٹی گواہی دیر کر اور میڈیا پر خود کو عوام کی نظر میں بے قصور ظاہر کررہے ہیں انکو بتاتا چلو یہ نہیں ہے عوام سب جانتی ہے تم نے کیا کیا حرامی پنا دیکھایا اپنا عوام کیسی کو نہیں چھوڑے گی,یہ سارے بیغرت کی نسل لندن کورٹ میں جھوٹی گواہی دے کر اور میڈیا پر خود کو عوام کی نظر میں بے قصور ظاہر کررہے ہیں انکو بتاتا چلوں یہ نہیں ہے عوام سب جانتی ہے تم نے کیا کیا حرامی پنا دیکھایا اپنی عوام کسی کو نہیں چھوڑے گی,"یہ سارے بیغرت کی نسل لندن کورٹ میں جھوٹی گواہی دیر کر اور میڈیا پر خود کو عوام کی نظر میں بے قصور ظاہر کررہے ہیں
انکو بتاتا چلو یہ 1992 نہیں 2022 ہے عوام سب جانتی ہے تم نے کیا کیا حرامی پنا دیکھایا اپنا عوام کیسی کو نہیں چھوڑے گی
#AltafNeedsJustice
#الطاف_کا_پاکستان_زندہ_باد https://t.co/GzDDKdSPDj","یہ سارے بیغرت کی نسل لندن کورٹ میں جھوٹی گواہی دے کر اور میڈیا پر خود کو عوام کی نظر میں بے قصور ظاہر کررہے ہیں
انکو بتاتا چلوں یہ 1992 نہیں 2022 ہے عوام سب جانتی ہے تم نے کیا کیا حرامی پنا دیکھایا اپنی عوام کسی کو نہیں چھوڑے گی

 "
261,12498,1,token_replace,کیسی,کسی,likely_real_word_contextual,manual full-corpus review: source and target are valid words/forms in context,8,251,12,1,False,کیسی یوتھے,کسی یوتھیے,اگر کیسی یوتھے کی نید اڑانے ھو تو اسکے کان میں چپ کرکے گوگی گھڑی کہا دیں اسکی سات نسلیں رونا بند نہں کریں گیں,اگر کسی یوتھیے کی نیند اڑانی ھو تو اس کے کان میں چپ کرکے گوگی گھڑی کہ دیں اس کی سات نسلیں رونا بند نہیں کریں گی,اگر کیسی یوتھے کی نید اڑانے ھو تو اسکے کان میں چپ کرکے گوگی گھڑی کہا دیں اسکی سات نسلیں رونا بند نہں کریں گیں 😂😂😂 https://t.co/921vGLGjvE,اگر کسی یوتھیے کی نیند اڑانی ھو تو اس کے کان میں چپ کرکے گوگی گھڑی کہ دیں اس کی سات نسلیں رونا بند نہیں کریں گی 😂😂😂 
261,12498,1,token_replace,اڑانے,اڑانی,likely_real_word_contextual,manual full-corpus review: source and target are valid words/forms in context,4,1,4,1,True,نید اڑانے,نیند اڑانی,اگر کیسی یوتھے کی نید اڑانے ھو تو اسکے کان میں چپ کرکے گوگی گھڑی کہا دیں اسکی سات نسلیں رونا بند نہں کریں گیں,اگر کسی یوتھیے کی نیند اڑانی ھو تو اس کے کان میں چپ کرکے گوگی گھڑی کہ دیں اس کی سات نسلیں رونا بند نہیں کریں گی,اگر کیسی یوتھے کی نید اڑانے ھو تو اسکے کان میں چپ کرکے گوگی گھڑی کہا دیں اسکی سات نسلیں رونا بند نہں کریں گیں 😂😂😂 https://t.co/921vGLGjvE,اگر کسی یوتھیے کی نیند اڑانی ھو تو اس کے کان میں چپ کرکے گوگی گھڑی کہ دیں اس کی سات نسلیں رونا بند نہیں کریں گی 😂😂😂 
261,12498,1,token_replace,کہا,کہ,likely_real_word_contextual,manual full-corpus review: source and target are valid words/forms in context,100,960,93,1,False,کہا,کہ,اگر کیسی یوتھے کی نید اڑانے ھو تو اسکے کان میں چپ کرکے گوگی گھڑی کہا دیں اسکی سات نسلیں رونا بند نہں کریں گیں,اگر کسی یوتھیے کی نیند اڑانی ھو تو اس کے کان میں چپ کرکے گوگی گھڑی کہ دیں اس کی سات نسلیں رونا بند نہیں کریں گی,اگر کیسی یوتھے کی نید اڑانے ھو تو اسکے کان میں چپ کرکے گوگی گھڑی کہا دیں اسکی سات نسلیں رونا بند نہں کریں گیں 😂😂😂 https://t.co/921vGLGjvE,اگر کسی یوتھیے کی نیند اڑانی ھو تو اس کے کان میں چپ کرکے گوگی گھڑی کہ دیں اس کی سات نسلیں رونا بند نہیں کریں گی 😂😂😂 
261,12498,1,token_replace,گیں,گی,likely_real_word_contextual,manual full-corpus review: source and target are valid words/forms in context,3,167,4,1,False,گیں,گی,اگر کیسی یوتھے کی نید اڑانے ھو تو اسکے کان میں چپ کرکے گوگی گھڑی کہا دیں اسکی سات نسلیں رونا بند نہں کریں گیں,اگر کسی یوتھیے کی نیند اڑانی ھو تو اس کے کان میں چپ کرکے گوگی گھڑی کہ دیں اس کی سات نسلیں رونا بند نہیں کریں گی,اگر کیسی یوتھے کی نید اڑانے ھو تو اسکے کان میں چپ کرکے گوگی گھڑی کہا دیں اسکی سات نسلیں رونا بند نہں کریں گیں 😂😂😂 https://t.co/921vGLGjvE,اگر کسی یوتھیے کی نیند اڑانی ھو تو اس کے کان میں چپ کرکے گوگی گھڑی کہ دیں اس کی سات نسلیں رونا بند نہیں کریں گی 😂😂😂 
319,18406,1,token_replace,سی,سے,likely_real_word_contextual,manual full-corpus review: source and target are valid words/forms in context,72,2381,70,1,True,سی,سے,مولانا صاحب دامت برکاتہم ہمیں بھی آپ سی یہی شکوہ رہا ہے کہ آپ تبلیغی اجتماعات میں ایسی گفتگو نہ کیا کریں جو شیعت کو چھڑوایا دیتی ہو ہمیں بھی آپ سے ہاتھ جوڑ کر درخواست ہے ایک مرتد کافر کو گلے لگانا جو اس دنیا میں حضور کے بعد سب سے پاک ہستیوں کی توہیں کرتے ہیں,مولانا صاحب دامت برکاتہم ہمیں بھی آپ سے یہی شکوہ رہا ہے کہ آپ تبلیغی اجتماعات میں ایسی گفتگو نہ کیا کریں جو شیعت کو چھڑوایا دیتی ہو ہمیں بھی آپ سے ہاتھ جوڑ کر درخواست ہے ایک مرتد کافر کو گلے لگانا جو اس دنیا میں حضور کے بعد سب سے پاک ہستیوں کی توہین کرتے ہیں,@TariqJamilOFCL مولانا صاحب دامت برکاتہم ہمیں بھی آپ سی یہی شکوہ رہا ہے کہ آپ تبلیغی اجتماعات میں ایسی گفتگو نہ کیا کریں جو شیعت کو چھڑوایا دیتی ہو ہمیں بھی آپ سے ہاتھ جوڑ کر درخواست ہے ایک مرتد کافر کو گلے لگانا جو اس دنیا میں حضور کے بعد سب سے پاک ہستیوں کی توہیں کرتے ہیں,@TariqJamilOFCL مولانا صاحب دامت برکاتہم ہمیں بھی آپ سے یہی شکوہ رہا ہے کہ آپ تبلیغی اجتماعات میں ایسی گفتگو نہ کیا کریں جو شیعت کو چھڑوایا دیتی ہو ہمیں بھی آپ سے ہاتھ جوڑ کر درخواست ہے ایک مرتد کافر کو گلے لگانا جو اس دنیا میں حضور کے بعد سب سے پاک ہستیوں کی توہین کرتے ہیں
339,20016,1,token_replace,اسے,ایسے,likely_real_word_contextual,manual full-corpus review: source and target are valid words/forms in context,96,139,87,1,False,اسے,ایسے,اگر پروز الہی اسمبلى تحلیل کرتے ہیں تو آپ میں اور ہیرا منڈی طوافوں میں کوئی فرک نہیں وہ بھی نہ نہ کر کے مانتی ہیں اور آپ بھی اسے ہی کرتے ہو,اگر پرواز الہی اسمبلى تحلیل کرتے ہیں تو آپ میں اور ہیرامنڈی طوافوں میں کوئی فرق نہیں وہ بھی نہ نہ کر کے مانتی ہیں اور آپ بھی ایسے ہی کرتے ہو,اگر پروز الہی اسمبلى تحلیل کرتے ہیں تو آپ میں اور ہیرا منڈی طوافوں میں کوئی فرک  نہیں وہ بھی نہ نہ کر کے مانتی ہیں اور آپ بھی اسے ہی کرتے ہو,اگر پرواز الہی اسمبلى تحلیل کرتے ہیں تو آپ میں اور ہیرامنڈی طوافوں میں کوئی فرق  نہیں وہ بھی نہ نہ کر کے مانتی ہیں اور آپ بھی ایسے ہی کرتے ہو
392,22169,1,token_replace,اس,اسی,likely_real_word_contextual,manual full-corpus review: source and target are valid words/forms in context,1379,117,1257,1,False,ہیے اس,ہے اسی,میر صاحب ہم جدی پشتی بردہ فروش ہیے ہمارا مزاج وہ مخلوط نسل اچھی طرح جانتی ہیے اس لیے انکے جج ہمارے بارے می کہتے کہ پا کستانی اپنی مان کو فروخت کرتی ہیے کیا ہم سب برایے فروخت ہیے,میر صاحب ہم جدی پشتی بردہ فروش ہیے ہمارا مزاج وہ مخلوط نسل اچھی طرح جانتی ہے اسی لیے انکے جج ہمارے بارے میں کہتے کہ پا کستانی اپنی ماں کو فروخت کرتے ہیں کیا ہم سب براۓ فروخت ہیں,@SenatorMushtaq @GovtofPakistan میر صاحب ہم جدی پشتی بردہ فروش ہیے ہمارا مزاج وہ مخلوط نسل اچھی طرح جانتی ہیے اس لیے انکے جج ہمارے بارے می کہتے کہ پا کستانی اپنی مان کو فروخت کرتی ہیے کیا ہم سب برایے فروخت ہیے,@SenatorMushtaq @GovtofPakistan میر صاحب ہم جدی پشتی بردہ فروش ہیے ہمارا مزاج وہ مخلوط نسل اچھی طرح جانتی ہے اسی لیے انکے جج ہمارے بارے میں کہتے کہ پا کستانی اپنی ماں کو فروخت کرتے ہیں کیا ہم سب براۓ فروخت ہیں
392,22169,1,token_replace,مان,ماں,likely_real_word_contextual,manual full-corpus review: source and target are valid words/forms in context,27,128,29,1,True,مان,ماں,میر صاحب ہم جدی پشتی بردہ فروش ہیے ہمارا مزاج وہ مخلوط نسل اچھی طرح جانتی ہیے اس لیے انکے جج ہمارے بارے می کہتے کہ پا کستانی اپنی مان کو فروخت کرتی ہیے کیا ہم سب برایے فروخت ہیے,میر صاحب ہم جدی پشتی بردہ فروش ہیے ہمارا مزاج وہ مخلوط نسل اچھی طرح جانتی ہے اسی لیے انکے جج ہمارے بارے میں کہتے کہ پا کستانی اپنی ماں کو فروخت کرتے ہیں کیا ہم سب براۓ فروخت ہیں,@SenatorMushtaq @GovtofPakistan میر صاحب ہم جدی پشتی بردہ فروش ہیے ہمارا مزاج وہ مخلوط نسل اچھی طرح جانتی ہیے اس لیے انکے جج ہمارے بارے می کہتے کہ پا کستانی اپنی مان کو فروخت کرتی ہیے کیا ہم سب برایے فروخت ہیے,@SenatorMushtaq @GovtofPakistan میر صاحب ہم جدی پشتی بردہ فروش ہیے ہمارا مزاج وہ مخلوط نسل اچھی طرح جانتی ہے اسی لیے انکے جج ہمارے بارے میں کہتے کہ پا کستانی اپنی ماں کو فروخت کرتے ہیں کیا ہم سب براۓ فروخت ہیں
392,22169,1,token_replace,کرتی,کرتے,likely_real_word_contextual,manual full-corpus review: source and target are valid words/forms in context,43,264,43,1,True,کرتی ہیے,کرتے ہیں,میر صاحب ہم جدی پشتی بردہ فروش ہیے ہمارا مزاج وہ مخلوط نسل اچھی طرح جانتی ہیے اس لیے انکے جج ہمارے بارے می کہتے کہ پا کستانی اپنی مان کو فروخت کرتی ہیے کیا ہم سب برایے فروخت ہیے,میر صاحب ہم جدی پشتی بردہ فروش ہیے ہمارا مزاج وہ مخلوط نسل اچھی طرح جانتی ہے اسی لیے انکے جج ہمارے بارے میں کہتے کہ پا کستانی اپنی ماں کو فروخت کرتے ہیں کیا ہم سب براۓ فروخت ہیں,@SenatorMushtaq @GovtofPakistan میر صاحب ہم جدی پشتی بردہ فروش ہیے ہمارا مزاج وہ مخلوط نسل اچھی طرح جانتی ہیے اس لیے انکے جج ہمارے بارے می کہتے کہ پا کستانی اپنی مان کو فروخت کرتی ہیے کیا ہم سب برایے فروخت ہیے,@SenatorMushtaq @GovtofPakistan میر صاحب ہم جدی پشتی بردہ فروش ہیے ہمارا مزاج وہ مخلوط نسل اچھی طرح جانتی ہے اسی لیے انکے جج ہمارے بارے میں کہتے کہ پا کستانی اپنی ماں کو فروخت کرتے ہیں کیا ہم سب براۓ فروخت ہیں
398,23076,1,token_replace,دلیر,دلیری,likely_real_word_contextual,manual full-corpus review: source and target are valid words/forms in context,3,4,4,1,False,دلیر,دلیری,یہود اور روافض جنگ میں سب سے بزدل قوم ہیں، جب کبھی بھی ان میں قوت نظر آئے یا غالب ہوتے نظر آئیں تو یہ ان کی دلیر کی وجہ سے نہیں بلکہ اغیار کی کمزوری کی بدولت ہوتا ہے، اسی لیے تاریخ میں ہمیں ان کی کوئی فتوحات نظر نہیں آتیں,یہود اور روافض جنگ میں سب سے بزدل قوم ہیں، جب کبھی بھی ان میں قوت نظر آئے یا غالب ہوتے نظر آئیں تو یہ ان کی دلیری کی وجہ سے نہیں بلکہ اغیار کی کمزوری کی بدولت ہوتا ہے، اسی لیے تاریخ میں ہمیں ان کی کوئی فتوحات نظر نہیں آتیں,"یہود اور روافض جنگ میں سب سے بزدل قوم ہیں، جب کبھی بھی ان میں قوت نظر آئے یا غالب ہوتے نظر آئیں تو یہ ان کی دلیر کی وجہ سے نہیں بلکہ اغیار کی کمزوری کی بدولت ہوتا ہے، اسی لیے تاریخ میں ہمیں ان کی کوئی فتوحات نظر نہیں آتیں

#فحاشی_کی_دلالی_نامنظور","یہود اور روافض جنگ میں سب سے بزدل قوم ہیں، جب کبھی بھی ان میں قوت نظر آئے یا غالب ہوتے نظر آئیں تو یہ ان کی دلیری کی وجہ سے نہیں بلکہ اغیار کی کمزوری کی بدولت ہوتا ہے، اسی لیے تاریخ میں ہمیں ان کی کوئی فتوحات نظر نہیں آتیں

"
405,23755,1,token_replace,میرا,میرے,likely_real_word_contextual,manual full-corpus review: source and target are valid words/forms in context,43,80,44,1,False,میرا,میرے,میرا ساتھ تو آپکی پکی ناراضگی ھے شاید وہ ہندو کیپٹن نے میرا شکایات لگادی میں نے اس کو کراکرا سنایا تا جب اس نے کچا پکا بکواس کیا اس کے بعد اس نے مجھے بلاک کیا ھے بہرحال جو کچھ بھی ھوا سو ھوا آپ ناراض مت ھو آگر میں نے کچھ غلط لفظ استعمال کیا ھے تو میں اپنے وہ الفاظ واپس لیتا ہوں,میرے ساتھ تو آپکی پکی ناراضگی ھے شاید وہ ہندو کیپٹن نے میری شکایات لگادی میں نے اس کو کراکرا سنایا تھا جب اس نے کچا پکا بکواس کیا اس کے بعد اس نے مجھے بلاک کیا ھے بہرحال جو کچھ بھی ھوا سو ھوا آپ ناراض مت ھو اگر میں نے کچھ غلط لفظ استعمال کیا ھے تو میں اپنے وہ الفاظ واپس لیتا ہوں,@syedagulwis میرا ساتھ تو آپکی پکی ناراضگی ھے شاید وہ ہندو کیپٹن نے میرا شکایات لگادی میں نے اس کو کراکرا سنایا تا جب اس نے کچا پکا بکواس کیا اس کے بعد اس نے مجھے بلاک کیا ھے بہرحال جو کچھ بھی ھوا سو ھوا آپ ناراض مت ھو آگر میں نے کچھ غلط لفظ استعمال کیا ھے تو میں اپنے وہ الفاظ واپس لیتا ہوں,@syedagulwis میرے ساتھ تو آپکی پکی ناراضگی ھے شاید وہ ہندو کیپٹن نے میری شکایات لگادی میں نے اس کو کراکرا سنایا تھا جب اس نے کچا پکا بکواس کیا اس کے بعد اس نے مجھے بلاک کیا ھے بہرحال جو کچھ بھی ھوا سو ھوا آپ ناراض مت ھو اگر میں نے کچھ غلط لفظ استعمال کیا ھے تو میں اپنے وہ الفاظ واپس لیتا ہوں
405,23755,1,token_replace,میرا,میری,likely_real_word_contextual,manual full-corpus review: source and target are valid words/forms in context,43,67,44,1,False,میرا,میری,میرا ساتھ تو آپکی پکی ناراضگی ھے شاید وہ ہندو کیپٹن نے میرا شکایات لگادی میں نے اس کو کراکرا سنایا تا جب اس نے کچا پکا بکواس کیا اس کے بعد اس نے مجھے بلاک کیا ھے بہرحال جو کچھ بھی ھوا سو ھوا آپ ناراض مت ھو آگر میں نے کچھ غلط لفظ استعمال کیا ھے تو میں اپنے وہ الفاظ واپس لیتا ہوں,میرے ساتھ تو آپکی پکی ناراضگی ھے شاید وہ ہندو کیپٹن نے میری شکایات لگادی میں نے اس کو کراکرا سنایا تھا جب اس نے کچا پکا بکواس کیا اس کے بعد اس نے مجھے بلاک کیا ھے بہرحال جو کچھ بھی ھوا سو ھوا آپ ناراض مت ھو اگر میں نے کچھ غلط لفظ استعمال کیا ھے تو میں اپنے وہ الفاظ واپس لیتا ہوں,@syedagulwis میرا ساتھ تو آپکی پکی ناراضگی ھے شاید وہ ہندو کیپٹن نے میرا شکایات لگادی میں نے اس کو کراکرا سنایا تا جب اس نے کچا پکا بکواس کیا اس کے بعد اس نے مجھے بلاک کیا ھے بہرحال جو کچھ بھی ھوا سو ھوا آپ ناراض مت ھو آگر میں نے کچھ غلط لفظ استعمال کیا ھے تو میں اپنے وہ الفاظ واپس لیتا ہوں,@syedagulwis میرے ساتھ تو آپکی پکی ناراضگی ھے شاید وہ ہندو کیپٹن نے میری شکایات لگادی میں نے اس کو کراکرا سنایا تھا جب اس نے کچا پکا بکواس کیا اس کے بعد اس نے مجھے بلاک کیا ھے بہرحال جو کچھ بھی ھوا سو ھوا آپ ناراض مت ھو اگر میں نے کچھ غلط لفظ استعمال کیا ھے تو میں اپنے وہ الفاظ واپس لیتا ہوں
491,36790,1,token_replace,کروں,دوں,likely_real_word_contextual,manual full-corpus review: source and target are valid words/forms in context,10,8,9,2,False,پانسی کروں,پھانسی دوں,تم اتنا بڑا گدھا ہے میں نہیں سوچ سکتا عدالتوں میں جاو سایفر پر تحقیقات کرواو اگر غلط نکلا تو پانسی کروں اس سے اگے پیچے بات نہیں کروں بیغرت ادمی ہڈی کیلئے کچھ بھی کرتے ہوں گیراجوں میں پیدا ہونے والے ایسا ہوتا ہے,تم اتنا بڑا گدھا ہے میں نہیں سوچ سکتا عدالتوں میں جاؤ یا تحقیقات کرواؤ اگر غلط نکلا تو پھانسی دوں اس سے آگے پیچے بات نہیں کروں بیغرت آدمی ہڈی کیلئے کچھ بھی کرتے ہو گیراجوں میں پیدا ہونے والے ایسا ہوتا ہے,تم اتنا بڑا گدھا ہے میں نہیں سوچ سکتا عدالتوں میں جاو سایفر پر تحقیقات کرواو اگر غلط نکلا تو پانسی کروں اس سے اگے پیچے بات نہیں کروں بیغرت ادمی ہڈی کیلئے کچھ بھی کرتے ہوں گیراجوں میں پیدا ہونے والے ایسا ہوتا ہے https://t.co/KZhQoMfRiq,تم اتنا بڑا گدھا ہے میں نہیں سوچ سکتا عدالتوں میں جاؤ یا تحقیقات کرواؤ اگر غلط نکلا تو پھانسی دوں اس سے آگے پیچے بات نہیں کروں بیغرت آدمی ہڈی کیلئے کچھ بھی کرتے ہو گیراجوں میں پیدا ہونے والے ایسا ہوتا ہے 
491,36790,1,token_replace,ہوں,ہو,likely_real_word_contextual,manual full-corpus review: source and target are valid words/forms in context,169,893,160,1,False,ہوں,ہو,تم اتنا بڑا گدھا ہے میں نہیں سوچ سکتا عدالتوں میں جاو سایفر پر تحقیقات کرواو اگر غلط نکلا تو پانسی کروں اس سے اگے پیچے بات نہیں کروں بیغرت ادمی ہڈی کیلئے کچھ بھی کرتے ہوں گیراجوں میں پیدا ہونے والے ایسا ہوتا ہے,تم اتنا بڑا گدھا ہے میں نہیں سوچ سکتا عدالتوں میں جاؤ یا تحقیقات کرواؤ اگر غلط نکلا تو پھانسی دوں اس سے آگے پیچے بات نہیں کروں بیغرت آدمی ہڈی کیلئے کچھ بھی کرتے ہو گیراجوں میں پیدا ہونے والے ایسا ہوتا ہے,تم اتنا بڑا گدھا ہے میں نہیں سوچ سکتا عدالتوں میں جاو سایفر پر تحقیقات کرواو اگر غلط نکلا تو پانسی کروں اس سے اگے پیچے بات نہیں کروں بیغرت ادمی ہڈی کیلئے کچھ بھی کرتے ہوں گیراجوں میں پیدا ہونے والے ایسا ہوتا ہے https://t.co/KZhQoMfRiq,تم اتنا بڑا گدھا ہے میں نہیں سوچ سکتا عدالتوں میں جاؤ یا تحقیقات کرواؤ اگر غلط نکلا تو پھانسی دوں اس سے آگے پیچے بات نہیں کروں بیغرت آدمی ہڈی کیلئے کچھ بھی کرتے ہو گیراجوں میں پیدا ہونے والے ایسا ہوتا ہے 
508,40704,1,token_replace,کہ,کر,likely_real_word_contextual,manual full-corpus review: source and target are valid words/forms in context,960,1491,911,1,False,کہ,کر,۔ ۔تمہارے سو کالڈ لمبر کا نوکر تھوڑی نہ ہے جو تمہاری بات سنیں پچھلے سال سے جو مشرف نے اور یکے بعد دیگر جرنلز۔ نے امریکہ کو اڈے دے کہ افغانستان کو کمزور کرنے میں کوئ کسر نہیں چھوڑی آج حال یہ ھے کہ زر مبادلہ کے ذخائر افغانستان سے ا,۔ ۔تمہارے سو کالڈ لمبر کا نوکر تھوڑی نہ ہے جو تمہاری بات سنیں پچھلے سال سے جو مشرف نے اور یکے بعد دیگر جرنلز نے امریکہ کو اڈے دے کر افغانستان کو کمزور کرنے میں کوئی کسر نہیں چھوڑی آج حال یہ ھے کہ زر مبادلہ کے ذخائر افغانستان سے ا,"@ZaidZamanHamid ۔IEA۔تمہارے سو کالڈ لمبر 1,کا نوکر تھوڑی نہ ہے جو تمہاری بات سنیں پچھلے 22,سال سے جو مشرف نے اور یکے بعد دیگر جرنلز۔ نے امریکہ کو اڈے دے کہ افغانستان کو کمزور کرنے میں کوئ کسر نہیں چھوڑی آج حال یہ ھے کہ زر مبادلہ کے ذخائر افغانستان سے 2.5ا","@ZaidZamanHamid ۔IEA۔تمہارے سو کالڈ لمبر 1 کا نوکر تھوڑی نہ ہے جو تمہاری بات سنیں پچھلے 22,سال سے جو مشرف نے اور یکے بعد دیگر جرنلز نے امریکہ کو اڈے دے کر افغانستان کو کمزور کرنے میں کوئی کسر نہیں چھوڑی آج حال یہ ھے کہ زر مبادلہ کے ذخائر افغانستان سے 2.5ا"
548,46639,1,token_replace,عمر,وقت,likely_real_word_contextual,manual full-corpus review: source and target are valid words/forms in context,33,155,32,3,False,ورتمہارا عمر,تمہارا وقت,اب لگتاہے لاٸن کراس کر رہاہے یہ خنزیر ۔ہوش کے ناخن لو مہاجرہی رہو وہی کافی ہے تمہارے لیۓ ورتمہارا عمر تو ویسے گزرچُکا ہے مزید دن کم ہونگے,اب لگتاہے لاٸن کراس کر رہاہے یہ خنزیر ۔ہوش کے ناخن لو مہاجر ہی رہو وہی کافی ہے تمہارے لیۓ تمہارا وقت تو ویسے گزر چُکا ہے مزید دن کم ہونگے,اب لگتاہے لاٸن کراس کر رہاہے یہ خنزیر ۔ہوش کے ناخن لو .مہاجرہی رہو وہی کافی ہے تمہارے لیۓ ورتمہارا عمر تو ویسے گزرچُکا ہے مزید دن کم ہونگے 😡😡😡 https://t.co/IGlttdMZBK,اب لگتاہے لاٸن کراس کر رہاہے یہ خنزیر ۔ہوش کے ناخن لو .مہاجر ہی رہو وہی کافی ہے تمہارے لیۓ تمہارا وقت تو ویسے گزر چُکا ہے مزید دن کم ہونگے 😡😡😡 
604,57940,1,token_replace,بنانے,بناتے,likely_real_word_contextual,manual full-corpus review: source and target are valid words/forms in context,61,9,59,1,False,بنانے,بناتے,دشمن سے مراد انڈیا یا افغانستان ہرگز ہرگز نہ لی جائے وہ آگے سے مارتے ہیں دشمن وہ ہے جو ہمارے کالے کرتوتوں ہر سوال اٹھانے ہیں جن کو ننگا کر کے ویڈیو بنانے ہیں یا بلوچوں کی طرح غائب کرتے ہیں ایک ضروری وضاحت,دشمن سے مراد انڈیا یا افغانستان ہرگز ہرگز نہ لی جائے وہ آگے سے مارتے ہیں دشمن وہ ہے جو ہمارے کالے کرتوتوں ہر سوال اٹھانے ہیں جن کو ننگا کر کے ویڈیو بناتے ہیں یا بلوچوں کی طرح غائب کرتے ہیں ایک ضروری وضاحت,@Champion___X دشمن سے مراد انڈیا یا افغانستان ہرگز ہرگز نہ لی جائے وہ آگے سے مارتے ہیں دشمن وہ ہے جو ہمارے کالے کرتوتوں ہر سوال اٹھانے ہیں جن کو ننگا کر کے ویڈیو بنانے ہیں یا بلوچوں کی طرح غائب کرتے ہیں ایک ضروری وضاحت,@Champion___X دشمن سے مراد انڈیا یا افغانستان ہرگز ہرگز نہ لی جائے وہ آگے سے مارتے ہیں دشمن وہ ہے جو ہمارے کالے کرتوتوں ہر سوال اٹھانے ہیں جن کو ننگا کر کے ویڈیو بناتے ہیں یا بلوچوں کی طرح غائب کرتے ہیں ایک ضروری وضاحت
735,80587,1,token_replace,کا,کہ,likely_real_word_contextual,manual full-corpus review: source and target are valid words/forms in context,2277,960,2119,1,False,کا,کہ,ان کی عیرت کی کہانیاں پنجابیوں نے ان کے اندر ہوا بھر بھر کا ان کے دماغوں نین ڈال دیں کہ پختون بہت عیرت مند قوم ہے عیرت مند اتنے کہ ایک افگاندی کو کال کرنے پر دس دس سالہ ہختون لڑکیاں چوہدریوں کے ڈھیروں پر سپلائی کرتے ہیں اصل یہ چہرہ ہے پر بھونکنا پنجابیوں پر ان کی فطرت ہے,ان کی عیرت کی کہانیاں پنجابیوں نے ان کے اندر ہوا بھر بھر کہ ان کے دماغوں میں ڈال دیں کہ پختون بہت عیرت مند قوم ہے عیرت مند اتنے کہ ایک افغانی کو کال کرنے پر دس دس سالہ ہختون لڑکیاں چوہدریوں کے ڈھیروں پر سپلائی کرتے ہیں اصل یہ چہرہ ہے پر بھونکنا پنجابیوں پر ان کی فطرت ہے,"@MansorK79860140 @JanaanMey @MussartAhmadzeb ان کی عیرت کی کہانیاں پنجابیوں نے ان کے اندر ہوا بھر بھر کا ان کے دماغوں نین ڈال دیں 

کہ پختون بہت عیرت مند قوم ہے 

عیرت مند اتنے کہ ایک افگاندی کو کال کرنے پر دس دس سالہ ہختون لڑکیاں چوہدریوں کے ڈھیروں پر سپلائی کرتے ہیں 

اصل یہ چہرہ ہے پر بھونکنا پنجابیوں پر ان کی فطرت ہے https://t.co/Z2DiweEtcx","@MansorK79860140 @JanaanMey @MussartAhmadzeb ان کی عیرت کی کہانیاں پنجابیوں نے ان کے اندر ہوا بھر بھر کہ ان کے دماغوں میں ڈال دیں کہ پختون بہت عیرت مند قوم ہے عیرت مند اتنے کہ ایک افغانی کو کال کرنے پر دس دس سالہ ہختون لڑکیاں چوہدریوں کے ڈھیروں پر سپلائی کرتے ہیں 

اصل یہ چہرہ ہے پر بھونکنا پنجابیوں پر ان کی فطرت ہے "
802,82687,1,token_replace,کے,کہ,likely_real_word_contextual,manual full-corpus review: source and target are valid words/forms in context,4087,960,3720,1,False,کے,کہ,قاتلو، ملک دشمنو، غدارو امید کی ایک کرن جاگی تھی کے غداری، قتل و غارت، اور فاشزم کا یہ سلسلہ رکے گا، ہمیں نہ سہی ہماری نسلوں کو اللہ تم لوگوں کی کتوں سے بد تر موت ضرور دکھائے گا,قاتلو، ملک دشمنو، غدارو امید کی ایک کرن جاگی تھی کہ غداری، قتل و غارت، اور فاشزم کا یہ سلسلہ رکے گا، ہمیں نہ سہی ہماری نسلوں کو اللہ تم لوگوں کی کتوں سے بد تر موت ضرور دکھائے گا,@OfficialDGISPR قاتلو، ملک دشمنو، غدارو امید کی ایک کرن جاگی تھی کے غداری، قتل و غارت، اور فاشزم کا یہ سلسلہ رکے گا، ہمیں نہ سہی ہماری نسلوں کو اللہ تم لوگوں کی کتوں سے بد تر موت ضرور دکھائے گا https://t.co/Avt6iS1aqv,@OfficialDGISPR قاتلو، ملک دشمنو، غدارو امید کی ایک کرن جاگی تھی کہ غداری، قتل و غارت، اور فاشزم کا یہ سلسلہ رکے گا، ہمیں نہ سہی ہماری نسلوں کو اللہ تم لوگوں کی کتوں سے بد تر موت ضرور دکھائے گا 
1079,89030,1,token_replace,مراد,مردہ,likely_real_word_contextual,manual full-corpus review: source and target are valid words/forms in context,7,19,7,2,False,مراد آباد,مردہ باد,جمعیت علمائے اسلام کی جدوجہد اکتوبر راولپنڈی افغانستان کی آزادی کے لیے طالبان کی حمایت میں امریکہ مراد آباد ریلی نکالی قائد جمعیت قیادت کرتے ہوئے ہاتھ ہلا رہیں ہے آج بھی بھی اسی وفاداری اور تسلسل کو برقرار رکھے ہوئے ہیں,جمعیت علمائے اسلام کی جدوجہد اکتوبر راولپنڈی افغانستان کی آزادی کے لیے طالبان کی حمایت میں امریکہ مردہ باد ریلی نکالی قائد جمعیت قیادت کرتے ہوئے ہاتھ ہلا رہے ہیں آج بھی بھی اسی وفاداری اور تسلسل کو برقرار رکھے ہوئے ہیں,"@AkanUbaid @mugheesali81 جمعیت علمائے اسلام کی جدوجہد 07 اکتوبر 2001 راولپنڈی افغانستان کی آزادی کے لیے طالبان کی حمایت میں امریکہ مراد آباد ریلی نکالی
 قائد جمعیت قیادت کرتے ہوئے ہاتھ ہلا رہیں ہے

 آج بھی بھی اسی وفاداری اور تسلسل کو برقرار رکھے ہوئے ہیں https://t.co/EIqW9j1I0m","@AkanUbaid @mugheesali81 جمعیت علمائے اسلام کی جدوجہد 07 اکتوبر 2001 راولپنڈی افغانستان کی آزادی کے لیے طالبان کی حمایت میں امریکہ مردہ باد ریلی نکالی
 قائد جمعیت قیادت کرتے ہوئے ہاتھ ہلا رہے ہیں 

 آج بھی بھی اسی وفاداری اور تسلسل کو برقرار رکھے ہوئے ہیں "
1079,89030,1,token_replace,آباد,باد,likely_real_word_contextual,manual full-corpus review: source and target are valid words/forms in context,73,36,67,1,False,مراد آباد,مردہ باد,جمعیت علمائے اسلام کی جدوجہد اکتوبر راولپنڈی افغانستان کی آزادی کے لیے طالبان کی حمایت میں امریکہ مراد آباد ریلی نکالی قائد جمعیت قیادت کرتے ہوئے ہاتھ ہلا رہیں ہے آج بھی بھی اسی وفاداری اور تسلسل کو برقرار رکھے ہوئے ہیں,جمعیت علمائے اسلام کی جدوجہد اکتوبر راولپنڈی افغانستان کی آزادی کے لیے طالبان کی حمایت میں امریکہ مردہ باد ریلی نکالی قائد جمعیت قیادت کرتے ہوئے ہاتھ ہلا رہے ہیں آج بھی بھی اسی وفاداری اور تسلسل کو برقرار رکھے ہوئے ہیں,"@AkanUbaid @mugheesali81 جمعیت علمائے اسلام کی جدوجہد 07 اکتوبر 2001 راولپنڈی افغانستان کی آزادی کے لیے طالبان کی حمایت میں امریکہ مراد آباد ریلی نکالی
 قائد جمعیت قیادت کرتے ہوئے ہاتھ ہلا رہیں ہے

 آج بھی بھی اسی وفاداری اور تسلسل کو برقرار رکھے ہوئے ہیں https://t.co/EIqW9j1I0m","@AkanUbaid @mugheesali81 جمعیت علمائے اسلام کی جدوجہد 07 اکتوبر 2001 راولپنڈی افغانستان کی آزادی کے لیے طالبان کی حمایت میں امریکہ مردہ باد ریلی نکالی
 قائد جمعیت قیادت کرتے ہوئے ہاتھ ہلا رہے ہیں 

 آج بھی بھی اسی وفاداری اور تسلسل کو برقرار رکھے ہوئے ہیں "
1079,89030,1,token_replace,رہیں,رہے,likely_real_word_contextual,manual full-corpus review: source and target are valid words/forms in context,52,438,48,2,False,رہیں ہے,رہے ہیں,جمعیت علمائے اسلام کی جدوجہد اکتوبر راولپنڈی افغانستان کی آزادی کے لیے طالبان کی حمایت میں امریکہ مراد آباد ریلی نکالی قائد جمعیت قیادت کرتے ہوئے ہاتھ ہلا رہیں ہے آج بھی بھی اسی وفاداری اور تسلسل کو برقرار رکھے ہوئے ہیں,جمعیت علمائے اسلام کی جدوجہد اکتوبر راولپنڈی افغانستان کی آزادی کے لیے طالبان کی حمایت میں امریکہ مردہ باد ریلی نکالی قائد جمعیت قیادت کرتے ہوئے ہاتھ ہلا رہے ہیں آج بھی بھی اسی وفاداری اور تسلسل کو برقرار رکھے ہوئے ہیں,"@AkanUbaid @mugheesali81 جمعیت علمائے اسلام کی جدوجہد 07 اکتوبر 2001 راولپنڈی افغانستان کی آزادی کے لیے طالبان کی حمایت میں امریکہ مراد آباد ریلی نکالی
 قائد جمعیت قیادت کرتے ہوئے ہاتھ ہلا رہیں ہے

 آج بھی بھی اسی وفاداری اور تسلسل کو برقرار رکھے ہوئے ہیں https://t.co/EIqW9j1I0m","@AkanUbaid @mugheesali81 جمعیت علمائے اسلام کی جدوجہد 07 اکتوبر 2001 راولپنڈی افغانستان کی آزادی کے لیے طالبان کی حمایت میں امریکہ مردہ باد ریلی نکالی
 قائد جمعیت قیادت کرتے ہوئے ہاتھ ہلا رہے ہیں 

 آج بھی بھی اسی وفاداری اور تسلسل کو برقرار رکھے ہوئے ہیں "
1079,89030,1,token_replace,ہے,ہیں,likely_real_word_contextual,manual full-corpus review: source and target are valid words/forms in context,3080,1419,2834,2,False,رہیں ہے,رہے ہیں,جمعیت علمائے اسلام کی جدوجہد اکتوبر راولپنڈی افغانستان کی آزادی کے لیے طالبان کی حمایت میں امریکہ مراد آباد ریلی نکالی قائد جمعیت قیادت کرتے ہوئے ہاتھ ہلا رہیں ہے آج بھی بھی اسی وفاداری اور تسلسل کو برقرار رکھے ہوئے ہیں,جمعیت علمائے اسلام کی جدوجہد اکتوبر راولپنڈی افغانستان کی آزادی کے لیے طالبان کی حمایت میں امریکہ مردہ باد ریلی نکالی قائد جمعیت قیادت کرتے ہوئے ہاتھ ہلا رہے ہیں آج بھی بھی اسی وفاداری اور تسلسل کو برقرار رکھے ہوئے ہیں,"@AkanUbaid @mugheesali81 جمعیت علمائے اسلام کی جدوجہد 07 اکتوبر 2001 راولپنڈی افغانستان کی آزادی کے لیے طالبان کی حمایت میں امریکہ مراد آباد ریلی نکالی
 قائد جمعیت قیادت کرتے ہوئے ہاتھ ہلا رہیں ہے

 آج بھی بھی اسی وفاداری اور تسلسل کو برقرار رکھے ہوئے ہیں https://t.co/EIqW9j1I0m","@AkanUbaid @mugheesali81 جمعیت علمائے اسلام کی جدوجہد 07 اکتوبر 2001 راولپنڈی افغانستان کی آزادی کے لیے طالبان کی حمایت میں امریکہ مردہ باد ریلی نکالی
 قائد جمعیت قیادت کرتے ہوئے ہاتھ ہلا رہے ہیں 

 آج بھی بھی اسی وفاداری اور تسلسل کو برقرار رکھے ہوئے ہیں "
1327,140017,1,token_replace,اپنے,اپنی,likely_real_word_contextual,manual full-corpus review: source and target are valid words/forms in context,394,318,358,1,True,اپنے,اپنی,الو کے پٹھو عورت کے نام پر اسلام کارڈ کھیلنے والو تم ان جماعتیوں جیسے حرام نسل مولوی اپنے اولادیں امریکہ یورپ میں پڑھاتے ہو۔جب یہی مولوی مدرسے میں بیٹھ کر بچے کے ساتھ جنسی زیادتی کرتا ہے تو وقت اسلام یاد نہیں اتا۔جب مسلمان دلال مرد بچیوں کہ ریپ کرتا ہے اسلام یاد نہیں اتا مرتدو,الو کے پٹھو عورت کے نام پر اسلام کارڈ کھیلنے والو تم ان جماعتیوں جیسے حرام نسل مولوی اپنی اولادیں امریکہ یورپ میں پڑھاتے ہو۔جب یہی مولوی مدرسے میں بیٹھ کر بچے کے ساتھ جنسی زیادتی کرتا ہے تو وقت اسلام یاد نہیں اتا۔جب مسلمان دلال مرد بچیوں کا ریپ کرتا ہے اسلام یاد نہیں اتا مرتدو,@saffi_sh @saqibmalik370 @SjdMu9 الو کے پٹھو عورت کے نام پر اسلام کارڈ کھیلنے والو تم ان جماعتیوں جیسے حرام نسل مولوی اپنے اولادیں امریکہ یورپ میں پڑھاتے ہو۔جب یہی مولوی مدرسے میں بیٹھ کر بچے کے ساتھ جنسی زیادتی کرتا ہے تو وقت اسلام یاد نہیں اتا۔جب مسلمان دلال مرد بچیوں کہ ریپ کرتا ہے اسلام یاد نہیں اتا مرتدو,@saffi_sh @saqibmalik370 @SjdMu9 الو کے پٹھو عورت کے نام پر اسلام کارڈ کھیلنے والو تم ان جماعتیوں جیسے حرام نسل مولوی اپنی اولادیں امریکہ یورپ میں پڑھاتے ہو۔جب یہی مولوی مدرسے میں بیٹھ کر بچے کے ساتھ جنسی زیادتی کرتا ہے تو وقت اسلام یاد نہیں اتا۔جب مسلمان دلال مرد بچیوں کا ریپ کرتا ہے اسلام یاد نہیں اتا مرتدو
1327,140017,1,token_replace,کہ,کا,likely_real_word_contextual,manual full-corpus review: source and target are valid words/forms in context,960,2277,911,1,False,کہ,کا,الو کے پٹھو عورت کے نام پر اسلام کارڈ کھیلنے والو تم ان جماعتیوں جیسے حرام نسل مولوی اپنے اولادیں امریکہ یورپ میں پڑھاتے ہو۔جب یہی مولوی مدرسے میں بیٹھ کر بچے کے ساتھ جنسی زیادتی کرتا ہے تو وقت اسلام یاد نہیں اتا۔جب مسلمان دلال مرد بچیوں کہ ریپ کرتا ہے اسلام یاد نہیں اتا مرتدو,الو کے پٹھو عورت کے نام پر اسلام کارڈ کھیلنے والو تم ان جماعتیوں جیسے حرام نسل مولوی اپنی اولادیں امریکہ یورپ میں پڑھاتے ہو۔جب یہی مولوی مدرسے میں بیٹھ کر بچے کے ساتھ جنسی زیادتی کرتا ہے تو وقت اسلام یاد نہیں اتا۔جب مسلمان دلال مرد بچیوں کا ریپ کرتا ہے اسلام یاد نہیں اتا مرتدو,@saffi_sh @saqibmalik370 @SjdMu9 الو کے پٹھو عورت کے نام پر اسلام کارڈ کھیلنے والو تم ان جماعتیوں جیسے حرام نسل مولوی اپنے اولادیں امریکہ یورپ میں پڑھاتے ہو۔جب یہی مولوی مدرسے میں بیٹھ کر بچے کے ساتھ جنسی زیادتی کرتا ہے تو وقت اسلام یاد نہیں اتا۔جب مسلمان دلال مرد بچیوں کہ ریپ کرتا ہے اسلام یاد نہیں اتا مرتدو,@saffi_sh @saqibmalik370 @SjdMu9 الو کے پٹھو عورت کے نام پر اسلام کارڈ کھیلنے والو تم ان جماعتیوں جیسے حرام نسل مولوی اپنی اولادیں امریکہ یورپ میں پڑھاتے ہو۔جب یہی مولوی مدرسے میں بیٹھ کر بچے کے ساتھ جنسی زیادتی کرتا ہے تو وقت اسلام یاد نہیں اتا۔جب مسلمان دلال مرد بچیوں کا ریپ کرتا ہے اسلام یاد نہیں اتا مرتدو
1413,150611,1,token_replace,کیسی,کسی,likely_real_word_contextual,manual full-corpus review: source and target are valid words/forms in context,8,251,12,1,False,کیسی,کسی,ورلڈ کپ توارجینٹینا نے جیتا لیکن مراکش کی فٹبال ٹیم نے تاریخ رقم کردی فٹبال کی دنیا میں اپنا نام روشن کیا اور ساتھ ساتھ اپنے مسلمان برادر ملک فلسطینی بھاٸوں کے ساتھ ورلڈ کپ میں بھرپور یکجہتی کا اظہار بھی کیا یہودیوں عساٸیوں اور پوری دنیا کو یہ بتادیا کے مسلمان کیسی سے کم نہی,ورلڈ کپ تو ارجینٹینا نے جیتا لیکن مراکش کی فٹبال ٹیم نے تاریخ رقم کر دی فٹبال کی دنیا میں اپنا نام روشن کیا اور ساتھ ساتھ اپنے مسلمان برادر ملک فلسطینی بھاٸوں کے ساتھ ورلڈ کپ میں بھرپور یکجہتی کا اظہار بھی کیا یہودیوں عساٸیوں اور پوری دنیا کو یہ بتا دیا کے مسلمان کسی سے کم نہی,ورلڈ کپ 2022 توارجینٹینا نے جیتا لیکن مراکش کی فٹبال ٹیم نے تاریخ رقم کردی فٹبال کی دنیا میں اپنا نام روشن کیا اور ساتھ ساتھ اپنے مسلمان برادر ملک فلسطینی بھاٸوں کے ساتھ ورلڈ کپ میں بھرپور یکجہتی کا اظہار بھی کیا یہودیوں عساٸیوں اور پوری دنیا کو یہ بتادیا کے مسلمان کیسی سے کم نہی https://t.co/UYCuofZ3P2,ورلڈ کپ 2022 تو ارجینٹینا نے جیتا لیکن مراکش کی فٹبال ٹیم نے تاریخ رقم کر دی فٹبال کی دنیا میں اپنا نام روشن کیا اور ساتھ ساتھ اپنے مسلمان برادر ملک فلسطینی بھاٸوں کے ساتھ ورلڈ کپ میں بھرپور یکجہتی کا اظہار بھی کیا یہودیوں عساٸیوں اور پوری دنیا کو یہ بتا دیا کے مسلمان کسی سے کم نہی 
1444,159113,1,token_replace,رہیے,رہے,likely_real_word_contextual,manual full-corpus review: source and target are valid words/forms in context,2,438,4,1,False,رہیے,رہے,میرے خیال میں باجوے قادیانی کا سب سے بڑا احسان یہ ہے اہل وطن کہ سب بغلولون کو الف للہ ننگا کر گیا ۔۔ اپنے پاؤں پر کلہاڑا مار لیا۔۔ابھی بھی کچھ باندر بغلول تباہی مچانے کا سوچ رہیے ہیں ۔اللہ کا پلان سب سے بڑا ہے۔,میرے خیال میں باجوے قادیانی کا سب سے بڑا احسان یہ ہے اہل وطن کہ سب بغلولوں کو الف للہ ننگا کر گیا ۔۔ اپنے پاؤں پر کلہاڑا مار لیا ۔۔ ابھی بھی کچھ باندر بغلول تباہی مچانے کا سوچ رہے ہیں ۔ اللہ کا پلان سب سے بڑا ہے ۔,میرے خیال میں باجوے قادیانی کا سب سے بڑا احسان  یہ ہے اہل وطن کہ سب بغلولون کو الف للہ ننگا کر گیا ۔۔ اپنے پاؤں پر کلہاڑا مار لیا۔۔ابھی بھی کچھ باندر بغلول تباہی مچانے کا سوچ رہیے ہیں ۔اللہ کا پلان سب سے بڑا ہے۔   #عمران_خان_ہماری_ریڈ_لائن #عمران_خان_ہماری_ریڈ_لائن,میرے خیال میں باجوے قادیانی کا سب سے بڑا احسان یہ ہے اہل وطن کہ سب بغلولوں کو الف للہ ننگا کر گیا ۔۔ اپنے پاؤں پر کلہاڑا مار لیا ۔۔ ابھی بھی کچھ باندر بغلول تباہی مچانے کا سوچ رہے ہیں ۔ اللہ کا پلان سب سے بڑا ہے ۔    
1876,210525,1,token_replace,بے,ہے,likely_real_word_contextual,manual full-corpus review: source and target are valid words/forms in context,98,3080,431,1,False,باتھ بے,ہاتھ ہے,صرف دعاؤں سے کام نہیں چلتا کے بجاے اسکے صحولتکاروں کے جلاف احتجاج کرنا چاہیے سب جانتے ہیں اس ملک کو تباہ کرنے میں فوج کا باتھ بے,صرف دعاؤں سے کام نہیں چلتا کے بجاے اسکے سہولت کاروں کے خلاف احتجاج کرنا چاہیے سب جانتے ہیں اس ملک کو تباہ کرنے میں فوج کا ہاتھ ہے,@PakForeverIA صرف  دعاؤں  سے کام نہیں چلتا.. PDM کے بجاے اسکے صحولتکاروں کے جلاف احتجاج کرنا چاہیے.. سب جانتے ہیں اس ملک کو تباہ کرنے  میں فوج کا باتھ بے,@PakForeverIA صرف  دعاؤں  سے کام نہیں چلتا.. PDM کے بجاے اسکے سہولت کاروں کے خلاف احتجاج کرنا چاہیے.. سب جانتے ہیں اس ملک کو تباہ کرنے  میں فوج کا ہاتھ ہے
1917,217805,1,token_replace,کو,کی,likely_real_word_contextual,manual full-corpus review: source and target are valid words/forms in context,2675,3360,2475,1,False,کو,کی,ایک خان نے پارٹیوں کو نیندیں حرام كر ديا ہے بے شرموں,ایک خان نے پارٹیوں کی نیندیں حرام كر ديا ہے بےشرموں,@hinaparvezbutt ایک خان نے 12 پارٹیوں کو نیندیں حرام كر ديا ہے بے شرموں,@hinaparvezbutt ایک خان نے 12 پارٹیوں کی نیندیں حرام كر ديا ہے بےشرموں
2046,230220,1,token_replace,شرم,بےشرم,likely_real_word_contextual,manual full-corpus review: source and target are valid words/forms in context,99,86,168,2,False,ہیں، بے شرم,ہیں ، بےشرم,فسادی خان کے اپنے بیانات ہی تضادات سے بھرپور ہیں، بے شرم آدمی قوم کے خون سے نہانا چاہتا ہے,فسادی خان کے اپنے بیانات ہی تضادات سے بھرپور ہیں ، بےشرم آدمی قوم کے خون سے نہانا چاہتا ہے,"فسادی خان کے اپنے بیانات ہی تضادات سے بھرپور ہیں، بے شرم آدمی قوم کے خون سے نہانا چاہتا ہے 
#1stNovember #IrshadBhatti #حقیقی_آزادی_لانگ_مارچ #T20WorldCup    #Halloween2022 https://t.co/1ibqGAigCQ","فسادی خان کے اپنے بیانات ہی تضادات سے بھرپور ہیں ، بےشرم آدمی قوم کے خون سے نہانا چاہتا ہے 
        "
2148,240101,1,token_replace,گی,گئی,likely_real_word_contextual,manual full-corpus review: source and target are valid words/forms in context,167,153,148,1,False,گی,گئی,کہاں مر گی گھنٹے کام کرنے والی عدالتیں ؟؟ یا ان کی بھی ویڈیو ہے ان کنجروں کے پاس,کہاں مر گئی گھنٹے کام کرنے والی عدالتیں ؟؟ یا ان کی بھی ویڈیو ہے ان کنجروں کے پاس,"کہاں مر گی 24 گھنٹے کام کرنے والی عدالتیں ؟؟
یا ان کی بھی ویڈیو ہے ان کنجروں کے پاس
#AzamSwati","کہاں مر گئی 24 گھنٹے کام کرنے والی عدالتیں ؟؟
یا ان کی بھی ویڈیو ہے ان کنجروں کے پاس
"
2207,241078,1,token_replace,کہ,کی,likely_real_word_contextual,manual full-corpus review: source and target are valid words/forms in context,960,3360,911,1,False,باجرے کہ,باجوہ کی,چیف نہیں بلکہ نمبر کہ چیپ جسٹس عمر عطا باجویل کل رات سے غسل میں ہیں اور بغیر نہائے اور ابو باجرے کہ ھدایت کہ بغیر کوئی اش خود نوٹس نہیں لے سکتا,چیف نہیں بلکہ نمبر کہ چیپ جسٹس عمر عطاء باجویل کل رات سے غسل میں ہیں اور بغیر نہائے اور ابو باجوہ کی ھدایت کہ بغیر کوئی ازخود نوٹس نہیں لے سکتا,"چیف نہیں بلکہ 130 نمبر کہ چیپ جسٹس عمر عطا باجویل کل رات سے غسل میں ہیں اور بغیر نہائے اور ابو باجرے کہ ھدایت کہ بغیر کوئی اش خود نوٹس نہیں لے سکتا
#عمران_خان_ہماری_ریڈ_لاین_ہے 
#ImranKhan","چیف نہیں بلکہ 130 نمبر کہ چیپ جسٹس عمر عطاء باجویل کل رات سے غسل میں ہیں اور بغیر نہائے اور ابو باجوہ کی ھدایت کہ بغیر کوئی ازخود نوٹس نہیں لے سکتا
 
"
2252,249450,1,token_replace,کے,کی,likely_real_word_contextual,manual full-corpus review: source and target are valid words/forms in context,4087,3360,3720,1,True,کے,کی,یوم اقبال کے مناسبت سے اتنا کہوں گا کہ علامہ اقبال نے ہندوستانیوں کو انگریز سے آزادی کا شعور دیا تھا اور آج عمران خان قوم کو انگریزوں کے پالے ہوئے چمچوں سے حقیقی آزادی کا شعور دے رہا ہے اللّٰہ عمران خان کو لمبی زندگی دیں۔ آمین,یوم اقبال کی مناسبت سے اتنا کہوں گا کہ علامہ اقبال نے ہندوستانیوں کو انگریز سے آزادی کا شعور دیا تھا اور آج عمران خان قوم کو انگریزوں کے پالے ہوئے چمچوں سے حقیقی آزادی کا شعور دے رہا ہے اللّٰہ عمران خان کو لمبی زندگی دیں۔ آمین,"یوم اقبال کے مناسبت سے اتنا کہوں گا کہ علامہ اقبال نے ہندوستانیوں کو انگریز سے آزادی کا شعور دیا تھا
اور آج عمران خان قوم کو انگریزوں کے پالے ہوئے چمچوں سے حقیقی آزادی کا شعور دے رہا ہے
اللّٰہ عمران خان کو لمبی زندگی دیں۔ آمین
#IqbalDay2022","یوم اقبال کی مناسبت سے اتنا کہوں گا کہ علامہ اقبال نے ہندوستانیوں کو انگریز سے آزادی کا شعور دیا تھا
اور آج عمران خان قوم کو انگریزوں کے پالے ہوئے چمچوں سے حقیقی آزادی کا شعور دے رہا ہے
اللّٰہ عمران خان کو لمبی زندگی دیں۔ آمین
"
2290,251984,1,token_replace,کردار,بدکردار,likely_real_word_contextual,manual full-corpus review: source and target are valid words/forms in context,39,11,40,2,False,لوگو۔۔۔ بد کردار,لوگو ۔۔۔ بدکردار,شرم سے ڈوب مرو پاکستانی فوج کے لوگو۔۔۔ بد کردار فوج بد معاش فوج قاتل فوج,شرم سے ڈوب مرو پاکستانی فوج کے لوگو ۔۔۔ بدکردار فوج بدمعاش فوج قاتل فوج,"شرم سے ڈوب مرو پاکستانی فوج کے لوگو۔۔۔

بد کردار فوج
بد معاش فوج
قاتل فوج

@OfficialDGISPR 
##PAKvsBAN https://t.co/mB2E4IYvBE",شرم سے ڈوب مرو پاکستانی فوج کے لوگو ۔۔۔ بدکردار فوج بدمعاش فوج قاتل فوج @OfficialDGISPR  
2416,262281,1,token_replace,گئے,گے,likely_real_word_contextual,manual full-corpus review: source and target are valid words/forms in context,135,322,113,1,False,گئے,گے,لغاری تم اپنی ماں چدوا نے پھر آگیا مادر چور کروڑ عمران خان کے خلاف کوئی بھی ماننے کےلیے تیار نہیں تم اپنی گانڈ میں سریا بھی ڈالو پھر بھی یقین نہیں کریں گئے ہم نے غداروں کو اپنی آنکھوں سے دیکھ لیا اب گناہ ہے انکی بات سننا اور ماننا,لغاری تم اپنی ماں چدوانے پھر آ گیا مادر چور کروڑ عمران خان کے خلاف کوئی بھی ماننے کے لیے تیار نہیں تم اپنی گانڈ میں سریا بھی ڈالو پھر بھی یقین نہیں کریں گے ہم نے غداروں کو اپنی آنکھوں سے دیکھ لیا اب گناہ ہے انکی بات سننا اور ماننا,"لغاری تم اپنی ماں چدوا نے پھر آگیا مادر چور 22کروڑ عمران خان کے خلاف کوئی بھی ماننے کےلیے تیار نہیں

تم اپنی گانڈ میں سریا بھی ڈالو
پھر بھی یقین نہیں کریں گئے
ہم نے غداروں کو اپنی آنکھوں سے دیکھ لیا
اب گناہ ہے انکی بات سننا اور ماننا
#حقیقی_آزادی_لانگ_مارچ https://t.co/Q9kHqpN2qs","لغاری تم اپنی ماں چدوانے پھر آ گیا مادر چور 22 کروڑ عمران خان کے خلاف کوئی بھی ماننے کے لیے تیار نہیں تم اپنی گانڈ میں سریا بھی ڈالو
پھر بھی یقین نہیں کریں گے ہم نے غداروں کو اپنی آنکھوں سے دیکھ لیا اب گناہ ہے انکی بات سننا اور ماننا
 "
2427,263508,1,token_replace,ہو,ہوں,likely_real_word_contextual,manual full-corpus review: source and target are valid words/forms in context,893,169,747,1,False,ہو,ہوں,مونچھو والے چوہا اور َلفافہ میڈیا پر جھوٹ پہ جھوٹ بول رہے ہیں تعداد پر تو ان کو میں کہنا چاہتا ہو یہ لوگ کوئی تمہاری بیٹی کا ڈانس دیکھنے نہیں جارہے یہ اسلام آباد آرہے ہیں اس لیے دل کو جھوٹی تسلیاں جتنی دینا چاہتے ہو دے لو,مونچھو والے چوہا اور َلفافہ میڈیا پر جھوٹ پہ جھوٹ بول رہے ہیں تعداد پر تو ان کو میں کہنا چاہتا ہوں یہ لوگ کوئی تمہاری بیٹی کا ڈانس دیکھنے نہیں جا رہے یہ اسلام آباد آ رہے ہیں اس لیے دل کو جھوٹی تسلیاں جتنی دینا چاہتے ہو دے لو,مونچھو والے چوہا اور Dirty Harry َلفافہ میڈیا پر جھوٹ پہ جھوٹ بول رہے ہیں تعداد پر تو ان کو میں کہنا چاہتا ہو یہ لوگ کوئی تمہاری بیٹی کا ڈانس دیکھنے نہیں جارہے یہ اسلام آباد آرہے ہیں اس لیے دل کو جھوٹی تسلیاں جتنی دینا چاہتے ہو دے لو #حقیقی_آزادی_لانگ_مارچ https://t.co/gzLXaPdGg5,مونچھو والے چوہا اور Dirty Harry َلفافہ میڈیا پر جھوٹ پہ جھوٹ بول رہے ہیں تعداد پر تو ان کو میں کہنا چاہتا ہوں یہ لوگ کوئی تمہاری بیٹی کا ڈانس دیکھنے نہیں جا رہے یہ اسلام آباد آ رہے ہیں اس لیے دل کو جھوٹی تسلیاں جتنی دینا چاہتے ہو دے لو  
2444,264156,1,token_replace,کے,کہ,likely_real_word_contextual,manual full-corpus review: source and target are valid words/forms in context,4087,960,3720,1,False,چوکا کے,چکا کہ,مسلم لیگ نواز اور اس کے ہواری ہمیشی سے سال سے عوام کو لوٹتے رہے ہیں اور اب یہ چور ٹولہ نیم پاگل ہو چوکا کے عوام جاگ چوکی ہے,مسلم لیگ نواز اور اس کے ہواری ہمیشہ سے سال سے عوام کو لوٹتے رہے ہیں اور اب یہ چور ٹولہ نیم پاگل ہو چکا کہ عوام جاگ چکی ہے,"مسلم لیگ نواز اور اس کے ہواری ہمیشی سے 40 سال سے عوام کو لوٹتے رہے ہیں اور اب یہ چور ٹولہ نیم پاگل ہو چوکا کے عوام جاگ چوکی ہے
#قوم_کا_ہیرو_ارشد_شریف
#ارشد_تیرے_خون_سے_انقلاب_آۓ_گا
#حقیقی_آزادی_لانگ_مارچ https://t.co/n7XyUNdomY","مسلم لیگ نواز اور اس کے ہواری ہمیشہ سے 40 سال سے عوام کو لوٹتے رہے ہیں اور اب یہ چور ٹولہ نیم پاگل ہو چکا کہ عوام جاگ چکی ہے


 "
2505,265825,1,token_replace,کے,کی,likely_real_word_contextual,manual full-corpus review: source and target are valid words/forms in context,4087,3360,3720,1,True,کے کنیزوں,کی کنیزیں,کپتان جہاں بھی قدم رکھتا ہے وہاں انسانوں کا ایک جم غفیر امڈ آتا لیکن قطری رانی اور اس کے کنیزوں یہ کہہ کہہ کر تھک گئی کہ خان سے ساتھ کوئی نہیں نکل رہا کیا پوری قوم کو پٹواری سمجھ رکھا ہے؟,کپتان جہاں بھی قدم رکھتا ہے وہاں انسانوں کا ایک جم غفیر امڈ آتا لیکن قطری رانی اور اس کی کنیزیں یہ کہہ کہہ کر تھک گئی کہ خان سے ساتھ کوئی نہیں نکل رہا کیا پوری قوم کو پٹواری سمجھ رکھا ہے؟,"کپتان جہاں بھی قدم رکھتا ہے وہاں انسانوں کا ایک جم غفیر امڈ آتا, لیکن قطری رانی اور اس کے کنیزوں یہ کہہ کہہ کر تھک گئی کہ خان سے ساتھ کوئی نہیں نکل رہا, کیا پوری قوم کو پٹواری سمجھ رکھا ہے؟
#حقیقی_آزادی_لانگ_مارچ","کپتان جہاں بھی قدم رکھتا ہے وہاں انسانوں کا ایک جم غفیر امڈ آتا, لیکن قطری رانی اور اس کی کنیزیں یہ کہہ کہہ کر تھک گئی کہ خان سے ساتھ کوئی نہیں نکل رہا, کیا پوری قوم کو پٹواری سمجھ رکھا ہے؟
"
2520,266086,1,token_replace,کے,کہ,likely_real_word_contextual,manual full-corpus review: source and target are valid words/forms in context,4087,960,3720,1,False,کے,کہ,دیکھو غریدہ اور اپنے آقا کو بتاؤ کے بس ہزار لوگ ہی ہیں۔,دیکھو غریدہ اور اپنے آقا کو بتاؤ کہ بس ہزار لوگ ہی ہیں۔,"دیکھو غریدہ @GFarooqi اور اپنے آقا کو بتاؤ کے بس 2ہزار لوگ ہی ہیں۔

#حقیقی_آزادی_لانگ_مارچ https://t.co/wBWHjLaZYL","دیکھو غریدہ @GFarooqi اور اپنے آقا کو بتاؤ کہ بس 2 ہزار لوگ ہی ہیں۔

 "
2558,266831,1,token_replace,کسے,کسی,likely_real_word_contextual,manual full-corpus review: source and target are valid words/forms in context,4,251,5,1,True,کسے,کسی,او کسے آوارہ پیلی ٹیکسی دے بچیو بکواس کرنےسے پہلے آپس میں صلاح مشورہ کرلیا کرو,او کسی آوارہ پیلی ٹیکسی دے بچیوں بکواس کرنے سے پہلے آپس میں صلاح مشورہ کرلیا کرو,"او کسے آوارہ پیلی ٹیکسی دے بچیو بکواس کرنےسے پہلے آپس میں صلاح مشورہ کرلیا کرو😜
😂😜😂
@PTIofficial
@ImranKhanPTI
#حقیقی_آزادی_لانگ_مارچ
#آزادی_آزادی_آزادی
#confirmed https://t.co/jRAf0YmhBS","او کسی آوارہ پیلی ٹیکسی دے بچیوں بکواس کرنے سے پہلے آپس میں صلاح مشورہ کرلیا کرو 😜 😂😜😂 @PTIofficial @ImranKhanPTI


 "
2573,267065,1,token_replace,کہ,کے,likely_real_word_contextual,manual full-corpus review: source and target are valid words/forms in context,960,4087,911,1,False,کہ اے,کے آے,ڈاکو نواز شریف تم واپس أو تمہیں سیدھا اڈلہ جیل چھوڑ کہ اے گے,ڈاکو نواز شریف تم واپس آو تمہیں سیدھا اڈلہ جیل چھوڑ کے آے گے,"ڈاکو نواز شریف تم واپس أو تمہیں سیدھا اڈلہ جیل چھوڑ کہ اے گے 

#حقیقی_آزادی_لانگ_مارچ https://t.co/n9d1BWx9r9","ڈاکو نواز شریف تم واپس آو تمہیں سیدھا اڈلہ جیل چھوڑ کے آے گے 

 "
2615,268100,1,token_replace,اسے,ایسے,likely_real_word_contextual,manual full-corpus review: source and target are valid words/forms in context,96,139,87,1,False,اسے,ایسے,یہ کتا بھی اس سیاسی جماعت کی نرسری سے جنم لینے والی نام نہاد سیاسی جماعت کا پالتو کتا ہے انتہاٸی نفرت انگیز تقریر ہے اسے کتوں کا خاتمہ کتا مار مہم سے ہی ممکن ہوگا۔,یہ کتا بھی اس سیاسی جماعت کی نرسری سے جنم لینے والی نام نہاد سیاسی جماعت کا پالتو کتا ہے انتہائی نفرت انگیز تقریر ہے ایسے کتوں کا خاتمہ کتا مار مہم سے ہی ممکن ہوگا۔,یہ کتا @realrazidada بھی اس سیاسی جماعت @OfficialDGISPR کی نرسری سے جنم لینے والی نام نہاد سیاسی جماعت @pmln_org کا پالتو کتا ہے انتہاٸی نفرت انگیز تقریر ہے اسے کتوں کا خاتمہ کتا مار مہم سے ہی ممکن ہوگا۔ #حقیقی_آزادی_لانگ_مارچ #چور_کا_نہ_دلے_کا_ووٹ_صرف_بلے_کا https://t.co/Rz7i6xmshD,یہ کتا @realrazidada بھی اس سیاسی جماعت @OfficialDGISPR کی نرسری سے جنم لینے والی نام نہاد سیاسی جماعت @pmln_org کا پالتو کتا ہے انتہائی نفرت انگیز تقریر ہے ایسے کتوں کا خاتمہ کتا مار مہم سے ہی ممکن ہوگا۔   
2628,268657,1,token_replace,کے,کی,likely_real_word_contextual,manual full-corpus review: source and target are valid words/forms in context,4087,3360,3720,1,True,کے,کی,ڈگی سرکار یہ مناظر ابھی کے ہے گوجرانوالہ کے، عمران خان کے پیچھے قوم کا لبیک، تری ڈگی تے کرے گی سیٹ عوام۔,ڈگی سرکار یہ مناظر ابھی کی ہے گوجرانوالہ کے، عمران خان کے پیچھے قوم کا لبیک، تری ڈگی تے کرے گی سیٹ عوام۔,"ڈگی سرکار یہ مناظر ابھی کے ہے گوجرانوالہ کے، 
عمران خان کے پیچھے قوم کا لبیک، 
تری ڈگی تے کرے گی سیٹ 😅عوام۔
#حقیقی_آزادی_لانگ_مارچ 
@TeamiPians https://t.co/IxmuLsmMlc","ڈگی سرکار یہ مناظر ابھی کی ہے گوجرانوالہ کے، 
عمران خان کے پیچھے قوم کا لبیک، 
تری ڈگی تے کرے گی سیٹ 😅عوام۔
 
@TeamiPians "
2646,269036,1,token_replace,کے,کہ,likely_real_word_contextual,manual full-corpus review: source and target are valid words/forms in context,4087,960,3720,1,False,کے,کہ,مریم چورنی اپنے ابو کے بارے میں بول رہی ہیں کے پاکستان ارہا گھنٹہ گھر کی گھڑی کی حفاظت کرنا,مریم چورنی اپنے ابو کے بارے میں بول رہی ہیں کہ پاکستان آ رہا گھنٹہ گھر کی گھڑی کی حفاظت کرنا,"@MaryamNSharif
😂😂مریم چورنی  اپنے ابو کے بارے میں بول رہی ہیں کے پاکستان ارہا گھنٹہ گھر کی 
گھڑی کی حفاظت کرنا😂 
#حقیقی_آزادی_لانگ_مارچ
#imrankhanPTI","@MaryamNSharif 😂😂 مریم چورنی  اپنے ابو کے بارے میں بول رہی ہیں کہ پاکستان آ رہا گھنٹہ گھر کی گھڑی کی حفاظت کرنا 😂 

"
2679,270466,1,token_replace,کہ,کے,likely_real_word_contextual,manual full-corpus review: source and target are valid words/forms in context,960,4087,911,1,False,کہ,کے,کیا تمہیں نواز شریف نے کہا تھا کہ اسٹیبلشمنٹ کے ساتھ تعلقات بنانے کہ لیے ایک فوجی کے ساتھ بھاگ جاؤ؟,کیا تمہیں نواز شریف نے کہا تھا کہ اسٹیبلشمنٹ کے ساتھ تعلقات بنانے کے لیے ایک فوجی کے ساتھ بھاگ جاؤ؟,"کیا تمہیں نواز شریف نے کہا تھا کہ اسٹیبلشمنٹ کے ساتھ تعلقات بنانے کہ لیے ایک فوجی کے ساتھ بھاگ جاؤ؟ @MaryamNSharif 

 #حقیقی_آزادی_لانگ_مارچ https://t.co/dHFCoXikQH","کیا تمہیں نواز شریف نے کہا تھا کہ اسٹیبلشمنٹ کے ساتھ تعلقات بنانے کے لیے ایک فوجی کے ساتھ بھاگ جاؤ؟ @MaryamNSharif 

  "
2702,270961,1,token_replace,کے,کہ,likely_real_word_contextual,manual full-corpus review: source and target are valid words/forms in context,4087,960,3720,1,False,کے,کہ,یہ پہلوان کی پھاڑتے ہوئے۔۔۔ تم اور نے بھی پھڑوانی ہے تو آجاو بلکے جو جو کہہ ریا ہے کے فلاپ ہوگیا ہے۔۔۔ وہ وہ آجائے۔,یہ پہلوان کی پھاڑتے ہوئے۔۔۔ تم اور نے بھی پھڑوانی ہے تو آ جاو بلکہ جو جو کہہ رہا ہے کہ فلاپ ہو گیا ہے۔۔۔ وہ وہ آ جائے۔,"@hinaparvezbutt 
یہ پہلوان @MaryamNSharif کی پھاڑتے ہوئے۔۔۔ تم اور @GFarooqi نے بھی پھڑوانی ہے تو آجاو بلکے جو جو کہہ ریا ہے کے #حقیقی_آزادی_لانگ_مارچ فلاپ ہوگیا ہے۔۔۔ وہ وہ آجائے۔ https://t.co/i7bZtvWMNh",@hinaparvezbutt  یہ پہلوان @MaryamNSharif کی پھاڑتے ہوئے۔۔۔ تم اور @GFarooqi نے بھی پھڑوانی ہے تو آ جاو بلکہ جو جو کہہ رہا ہے کہ  فلاپ ہو گیا ہے۔۔۔ وہ وہ آ جائے۔ 
2703,271032,1,token_replace,کہ,کے,likely_real_word_contextual,manual full-corpus review: source and target are valid words/forms in context,960,4087,911,1,False,کہ لئیے,کے لئے,اپنی کرپشن اور گندی سیاست کہ لئیے جاگ پنجابی جاگ کا نعرہ لگانے والی ن لیک اور جاھل پٹواریوں سے پوچھنا تھا۔ ھاں بھئ کیسا لگا جاگا ھوا پنجاب؟ گیا ھے نہ دُھنی تک؟,اپنی کرپشن اور گندی سیاست کے لئے جاگ پنجابی جاگ کا نعرہ لگانے والی ن لیگ اور جاھل پٹواریوں سے پوچھنا تھا۔ ھاں بھئ کیسا لگا جاگا ھوا پنجاب؟ گیا ھے نہ دُھنی تک؟,"اپنی کرپشن اور گندی سیاست کہ لئیے جاگ پنجابی جاگ کا نعرہ لگانے والی ن لیک اور جاھل پٹواریوں سے پوچھنا تھا۔ ھاں بھئ کیسا لگا جاگا ھوا پنجاب؟ گیا ھے نہ دُھنی تک؟

#حقیقی_آزادی_لانگ_مارچ","اپنی کرپشن اور گندی سیاست کے لئے جاگ پنجابی جاگ کا نعرہ لگانے والی ن لیگ اور جاھل پٹواریوں سے پوچھنا تھا۔ ھاں بھئ کیسا لگا جاگا ھوا پنجاب؟ گیا ھے نہ دُھنی تک؟

"
2730,272074,1,token_replace,کردار,بدکردار,likely_real_word_contextual,manual full-corpus review: source and target are valid words/forms in context,39,11,40,2,False,ھوگا؟ایک بد کردار,ہو گا؟ایک بدکردار,جو ایک بد کردار عورت روز کہتی تھی کہ میرے ساتھ سب کی ویڈیوز ہے کیا یہ اعظم سواتی کے ویڈیو بننے والے لوگوں کا ان سے رابط نہیں ہوا ھوگا؟ایک بد کردار عورت جسکاکام لیڈروںکا ویڈیو بنانا کیا اس کو بھی سواتی کہ کیس میں شامل تفتیش نہیں کرنا چاہے,جو ایک بدکردار عورت روز کہتی تھی کہ میرے ساتھ سب کی ویڈیوز ہے کیا یہ اعظم سواتی کے ویڈیو بننے والے لوگوں کا ان سے رابط نہیں ہوا ہو گا؟ایک بدکردار عورت جسکاکام لیڈروںکا ویڈیو بنانا کیا اس کو بھی سواتی کہ کیس میں شامل تفتیش نہیں کرنا چاہے,"جو ایک بد کردار عورت روز کہتی تھی کہ میرے ساتھ سب کی ویڈیوز ہے کیا یہ اعظم سواتی کے ویڈیو بننے والے لوگوں کا ان سے رابط نہیں ہوا ھوگا؟ایک بد کردار عورت جسکاکام لیڈروںکا ویڈیو بنانا کیا اس کو بھی سواتی کہ کیس میں شامل تفتیش نہیں کرنا چاہے
@fawadchaudhry
#ر","جو ایک بدکردار عورت روز کہتی تھی کہ میرے ساتھ سب کی ویڈیوز ہے کیا یہ اعظم سواتی کے ویڈیو بننے والے لوگوں کا ان سے رابط نہیں ہوا ہو گا؟ایک بدکردار عورت جسکاکام لیڈروںکا ویڈیو بنانا کیا اس کو بھی سواتی کہ کیس میں شامل تفتیش نہیں کرنا چاہے
@fawadchaudhry
"
2749,273290,1,token_replace,عام,سرعام,likely_real_word_contextual,manual full-corpus review: source and target are valid words/forms in context,53,11,55,2,False,کرسر عام,کر سرعام,ملک میں بنیادی انسانی حقوق معطل اند ھی کالی عدلیہ کو جھنجھوڑ جگاؤ یہ قوم ان غداراحسان فراموش حرام خوروں کےخلاف اٹھ کھڑی ہو ورنہ یہ آپکی بہنوں بیٹیوں کی چادریں نوچ کرسر عام انکی بولیاں لگائیں گے خبردار رہیں یہ سب اور را کا ماڈل,ملک میں بنیادی انسانی حقوق معطل اندھی کالی عدلیہ کو جھنجھوڑ جگاؤ یہ قوم ان غدار احسان فراموش حرام خوروں کےخلاف اٹھ کھڑی ہو ورنہ یہ آپکی بہنوں بیٹیوں کی چادریں نوچ کر سرعام انکی بولیاں لگائیں گے خبردار رہیں یہ سب اور را کا ماڈل,"#رُکنانہیں_جھُکنانہیں
ملک میں بنیادی انسانی حقوق معطل اند ھی کالی عدلیہ کو جھنجھوڑ جگاؤ یہ قوم ان غداراحسان فراموش حرام خوروں کےخلاف اٹھ کھڑی ہو ورنہ یہ آپکی بہنوں بیٹیوں کی چادریں نوچ کرسر عام انکی بولیاں لگائیں گے خبردار رہیں یہ سب RSS اور “را” کا ماڈل ","
ملک میں بنیادی انسانی حقوق معطل اندھی کالی عدلیہ کو جھنجھوڑ جگاؤ یہ قوم ان غدار احسان فراموش حرام خوروں کےخلاف اٹھ کھڑی ہو ورنہ یہ آپکی بہنوں بیٹیوں کی چادریں نوچ کر سرعام انکی بولیاں لگائیں گے خبردار رہیں یہ سب RSS اور  را کا ماڈل "
2779,282748,1,token_replace,ہی,ہیں,likely_real_word_contextual,manual full-corpus review: source and target are valid words/forms in context,644,1419,623,1,False,ہی,ہیں,بابر افتخار ندیم انجم باجوہ اور فیصل نصیر یی لوگ امریکی اجینٹ امریکی دلال امریکی شیطان ہی ان غداروں کو عوام اپنے طاقت سے پکڑ کے سرعام پھانسی پی لٹکایا جائے پہر پاکستان میں امن آئیگا,بابر افتخار ندیم انجم باجوہ اور فیصل نصیر ہی لوگ امریکی ایجنٹ امریکی دلال امریکی شیطان ہیں ان غداروں کو عوام اپنے طاقت سے پکڑ کے سرعام پھانسی پہ لٹکایا جائے پھر پاکستان میں امن آئے گا,"بابر افتخار ندیم انجم باجوہ اور فیصل نصیر یی4 لوگ امریکی اجینٹ امریکی دلال امریکی شیطان ہی 
ان غداروں کو عوام اپنے طاقت سے پکڑ کے سرعام پھانسی پی لٹکایا جائے 
پہر پاکستان میں امن آئیگا

#عمران_خان_ہماری_ریڈ_لاین_ہے 
#باجوہ_فوج_کا_غدار 
#باجوہ_کتا 
#امپورٹڈ_حکومت_نامنظور","بابر افتخار ندیم انجم باجوہ اور فیصل نصیر ہی 4 لوگ امریکی ایجنٹ امریکی دلال امریکی شیطان ہیں ان غداروں کو عوام اپنے طاقت سے پکڑ کے سرعام پھانسی پہ لٹکایا جائے 
پھر پاکستان میں امن آئے گا

 
 
 
"
2843,286178,1,token_replace,پے,ہے,likely_real_word_contextual,manual full-corpus review: source and target are valid words/forms in context,29,3080,48,1,False,پے,ہے,ندیم انجم کا خاص کتا ہے یہ جس پر وہ چاہتے ہیں اسکو ان ہی پر بھونکنا پڑتا پے,ندیم انجم کا خاص کتا ہے یہ جس پر وہ چاہتے ہیں اس کو ان ہی پر بھونکنا پڑتا ہے,ندیم انجم کا خاص کتا ہے یہ جس پر وہ چاہتے ہیں اسکو ان ہی پر بھونکنا پڑتا پے #کامران_لعنتی,ندیم انجم کا خاص کتا ہے یہ جس پر وہ چاہتے ہیں اس کو ان ہی پر بھونکنا پڑتا ہے 
2861,286754,1,token_replace,تمیز,بدتمیز,likely_real_word_contextual,manual full-corpus review: source and target are valid words/forms in context,14,16,19,2,False,یوتھیےبد تمیز,یوتھیے بدتمیز,ڈاکٹرز انجینئرز آرمی آفیسرز اور استاد کیا یہ لوگ بد تمیز نہیں ہو سکتے؟یہ کہاں لکھا ہےاور اگر یہ یوتھیےبد تمیز نہیں ہیں تو گالیوں والےٹرینڈز کون چلاتا ہے کا ٹرینڈ چلا کر کامران شاہد کی بات کی تصدیق نہیں ہو چکی؟جہالت ڈگریوں سےنہیں جاتی ابھی بہت کچھ شیئر نہیں کر سکتا,ڈاکٹرز انجینئرز آرمی آفیسرز اور استاد کیا یہ لوگ بد تمیز نہیں ہو سکتے؟یہ کہاں لکھا ہےاور اگر یہ یوتھیے بدتمیز نہیں ہیں تو گالیوں والے ٹرینڈز کون چلاتا ہے کا ٹرینڈ چلا کر کامران شاہد کی بات کی تصدیق نہیں ہو چکی؟جہالت ڈگریوں سے نہیں جاتی ابھی بہت کچھ شیئر نہیں کر سکتا,"@OfficialShehr @DunyaNews ڈاکٹرز انجینئرز آرمی آفیسرز اور استاد کیا یہ لوگ بد تمیز نہیں ہو سکتے؟یہ کہاں لکھا ہےاور اگر یہ یوتھیےبد تمیز نہیں ہیں تو گالیوں والےٹرینڈز کون چلاتا ہے #کامران_لعنتی کا ٹرینڈ چلا کر کامران شاہد کی بات کی تصدیق نہیں ہو چکی؟جہالت ڈگریوں سےنہیں جاتی
ابھی بہت کچھ شیئر نہیں کر سکتا https://t.co/BuDXk7vt3b","@OfficialShehr @DunyaNews ڈاکٹرز انجینئرز آرمی آفیسرز اور استاد کیا یہ لوگ بد تمیز نہیں ہو سکتے؟یہ کہاں لکھا ہےاور اگر یہ یوتھیے بدتمیز نہیں ہیں تو گالیوں والے ٹرینڈز کون چلاتا ہے  کا ٹرینڈ چلا کر کامران شاہد کی بات کی تصدیق نہیں ہو چکی؟جہالت ڈگریوں سے نہیں جاتی
ابھی بہت کچھ شیئر نہیں کر سکتا "
2864,286924,1,token_replace,ہی,ہے,likely_real_word_contextual,manual full-corpus review: source and target are valid words/forms in context,644,3080,623,1,True,ہی,ہے,مین اسٹریم میڈیا کو کوئی سن نہیں رہا نام نہاد دانشوروں پر کوئی یقین نہیں کر رہا پراپرٹی ڈیلروں کو قوم نے ننگا کر دیا ہی میڈیا عیاری مکاری اور فتنے کی آماجگاہ بن چکا ہے اور قوم یوتھ تمام معاملات سے واقف ہے یہی وجہ ہے کہ ان کے پیٹ میں مروڑ اٹھ رہی ہے,مین اسٹریم میڈیا کو کوئی سن نہیں رہا نام نہاد دانشوروں پر کوئی یقین نہیں کر رہا پراپرٹی ڈیلروں کو قوم نے ننگا کر دیا ہے میڈیا عیاری مکاری اور فتنے کی آماجگاہ بن چکا ہے اور قوم یوتھ تمام معاملات سے واقف ہے یہی وجہ ہے کہ ان کے پیٹ میں مروڑ اٹھ رہی ہے,"مین اسٹریم میڈیا کو کوئی سن نہیں رہا 
نام نہاد دانشوروں پر کوئی یقین نہیں کر رہا
پراپرٹی ڈیلروں کو قوم نے ننگا کر دیا ہی
میڈیا عیاری مکاری اور فتنے کی آماجگاہ بن چکا ہے
اور قوم یوتھ تمام معاملات سے واقف ہے
یہی وجہ ہے کہ ان کے پیٹ میں مروڑ اٹھ رہی ہے

 #کامران_لعنتی","مین اسٹریم میڈیا کو کوئی سن نہیں رہا 
نام نہاد دانشوروں پر کوئی یقین نہیں کر رہا
پراپرٹی ڈیلروں کو قوم نے ننگا کر دیا ہے
میڈیا عیاری مکاری اور فتنے کی آماجگاہ بن چکا ہے
اور قوم یوتھ تمام معاملات سے واقف ہے
یہی وجہ ہے کہ ان کے پیٹ میں مروڑ اٹھ رہی ہے

 "
2946,293900,1,token_replace,غیرت,بےغیرت,likely_real_word_contextual,manual full-corpus review: source and target are valid words/forms in context,53,146,160,2,False,نسل۔کے بے غیرت,نسل کے بےغیرت,حرامی نسل۔کے بے غیرت کمینے ہمارے پیسے پر عیش کرتے ہو کتے کھیل نہیں سکتے تو گھر دفعہ ہو بھڑوے,حرامی نسل کے بےغیرت کمینے ہمارے پیسے پر عیش کرتے ہو کتے کھیل نہیں سکتے تو گھر دفعہ ہو بھڑوے,@babarazam258 حرامی نسل۔کے بے غیرت کمینے ہمارے پیسے پر عیش کرتے ہو کتے کھیل نہیں سکتے تو گھر دفعہ ہو بھڑوے,@babarazam258 حرامی نسل کے بےغیرت کمینے ہمارے پیسے پر عیش کرتے ہو کتے کھیل نہیں سکتے تو گھر دفعہ ہو بھڑوے
2956,295115,1,token_replace,دی,دے,likely_real_word_contextual,manual full-corpus review: source and target are valid words/forms in context,149,221,136,1,True,دی,دے,اور جو اسلام آباد پولیس کے سپاہیوں کو اپکے ڈی ایس پی گالیاں دی چکے اس پر کاروائی کب ہوگی جب پولیس سیاسی یو چمچہ گیر ہو تو پھر ایسا ہی ہوتا ہے عوام نے دیکھا تھا پنجاب میں ایک پولیس افسر نے نوازشریف کو بلٹ اتار کر دیا تھا اج وہ بڑے عیش میں ڈگی سرکار کی نوکری کر رہا ہے,اور جو اسلام آباد پولیس کے سپاہیوں کو آپ کے ڈی ایس پی گالیاں دے چکے اس پر کاروائی کب ہو گی جب پولیس سیاسی یو چمچہ گیر ہو تو پھر ایسا ہی ہوتا ہے عوام نے دیکھا تھا پنجاب میں ایک پولیس افسر نے نوازشریف کو بلٹ اتار کر دیا تھا اج وہ بڑے عیش میں ڈگی سرکار کی نوکری کر رہا ہے,@akbarnasirkhan @SaleemKhanSafi @IGPUNJAB @ICT_Police @Fahdhusain @OfficialDPRPP اور جو اسلام آباد پولیس کے سپاہیوں کو اپکے ڈی ایس پی گالیاں دی چکے اس پر کاروائی کب ہوگی جب پولیس سیاسی یو چمچہ گیر ہو تو پھر ایسا ہی ہوتا ہے عوام نے دیکھا تھا پنجاب میں ایک پولیس افسر نے نوازشریف کو بلٹ اتار کر دیا تھا اج وہ بڑے عیش میں ڈگی سرکار کی نوکری کر رہا ہے,@akbarnasirkhan @SaleemKhanSafi @IGPUNJAB @ICT_Police @Fahdhusain @OfficialDPRPP اور جو اسلام آباد پولیس کے سپاہیوں کو آپ کے ڈی ایس پی گالیاں دے چکے اس پر کاروائی کب ہو گی جب پولیس سیاسی یو چمچہ گیر ہو تو پھر ایسا ہی ہوتا ہے عوام نے دیکھا تھا پنجاب میں ایک پولیس افسر نے نوازشریف کو بلٹ اتار کر دیا تھا اج وہ بڑے عیش میں ڈگی سرکار کی نوکری کر رہا ہے
3034,315507,1,token_replace,پڑھیں,پڑھی,likely_real_word_contextual,manual full-corpus review: source and target are valid words/forms in context,4,7,5,1,False,پڑھیں,پڑھی,دنیا میں فحش ،وعریانی ،لادینی ،دین دشمن ،مذہب دشمن ،قادیانیت ،یھودیت کو فروغ دینے والی جماعت سے وابسطہ کارکن ،اور انکے حواریین کو بھی دین اسلام کی پڑھیں ہوئ ہے بڑے آۓ ہیں,دنیا میں فحش و عریانی ،لادینی ،دین دشمن ،مذہب دشمن ،قادیانیت ،یہودیت کو فروغ دینے والی جماعت سے وابسطہ کارکن ،اور ان کے حواریین کو بھی دین اسلام کی پڑھی ہوئ ہیں بڑے آۓ ہیں,"دنیا میں فحش ،وعریانی ،لادینی ،دین دشمن ،مذہب دشمن ،قادیانیت ،یھودیت کو فروغ دینے والی جماعت سے وابسطہ کارکن ،اور انکے حواریین کو بھی دین اسلام کی پڑھیں ہوئ ہے 
بڑے آۓ ہیں
#فحاشی_کی_دلالی_نامنظور https://t.co/rzCml162KU","دنیا میں فحش و عریانی ،لادینی ،دین دشمن ،مذہب دشمن ،قادیانیت ،یہودیت کو فروغ دینے والی جماعت سے وابسطہ کارکن ،اور ان کے حواریین کو بھی دین اسلام کی پڑھی ہوئ ہیں
بڑے آۓ ہیں
 "
3034,315507,1,token_replace,ہے,ہیں,likely_real_word_contextual,manual full-corpus review: source and target are valid words/forms in context,3080,1419,2834,2,False,ہے,ہیں,دنیا میں فحش ،وعریانی ،لادینی ،دین دشمن ،مذہب دشمن ،قادیانیت ،یھودیت کو فروغ دینے والی جماعت سے وابسطہ کارکن ،اور انکے حواریین کو بھی دین اسلام کی پڑھیں ہوئ ہے بڑے آۓ ہیں,دنیا میں فحش و عریانی ،لادینی ،دین دشمن ،مذہب دشمن ،قادیانیت ،یہودیت کو فروغ دینے والی جماعت سے وابسطہ کارکن ،اور ان کے حواریین کو بھی دین اسلام کی پڑھی ہوئ ہیں بڑے آۓ ہیں,"دنیا میں فحش ،وعریانی ،لادینی ،دین دشمن ،مذہب دشمن ،قادیانیت ،یھودیت کو فروغ دینے والی جماعت سے وابسطہ کارکن ،اور انکے حواریین کو بھی دین اسلام کی پڑھیں ہوئ ہے 
بڑے آۓ ہیں
#فحاشی_کی_دلالی_نامنظور https://t.co/rzCml162KU","دنیا میں فحش و عریانی ،لادینی ،دین دشمن ،مذہب دشمن ،قادیانیت ،یہودیت کو فروغ دینے والی جماعت سے وابسطہ کارکن ،اور ان کے حواریین کو بھی دین اسلام کی پڑھی ہوئ ہیں
بڑے آۓ ہیں
 "
3133,344870,1,token_replace,جا,جو,likely_real_word_contextual,manual full-corpus review: source and target are valid words/forms in context,150,600,104,1,False,جا,جو,نہ کام رکے گا نہ نعرہ روکے گا مشن حق نواز شہید رحمہ اللہ سے مخلص ساتھی بھائہ آفتاب نذیر صاحب حفظہ اللہ بہت عرصہ گمشدگی کے بعد دبنگ انٹری مجھے کافر کافر شیعہ کافر جا نا مانے وہ بہی کافر جو نا سمجھے وہ بہی کافر واہ واہ واہ واہ,نہ کام رکے گا نہ نعرہ روکے گا مشن حق نواز شہید رحمہ اللہ سے مخلص ساتھی بھائی آفتاب نذیر صاحب حفظہ اللہ بہت عرصہ گمشدگی کے بعد دبنگ انٹری مجھے کافر کافر شیعہ کافر جو نا مانے وہ بھی کافر جو نا سمجھے وہ بھی کافر واہ واہ واہ واہ,"نہ کام رکے گا نہ نعرہ روکے گا❤

مشن حق نواز شہید رحمہ اللہ سے مخلص ساتھی
بھائہ آفتاب نذیر صاحب حفظہ اللہ😘
 بہت عرصہ گمشدگی کے بعد دبنگ انٹری مجھے💖
کافر کافر شیعہ کافر
جا نا مانے وہ بہی کافر
جو نا سمجھے وہ بہی کافر

❤واہ واہ واہ واہ💖 https://t.co/kKhcKa2HrD","نہ کام رکے گا نہ نعرہ روکے گا ❤
مشن حق نواز شہید رحمہ اللہ سے مخلص ساتھی
بھائی آفتاب نذیر صاحب حفظہ اللہ😘 بہت عرصہ گمشدگی کے بعد دبنگ انٹری مجھے💖
کافر کافر شیعہ کافر جو نا مانے وہ بھی کافر جو نا سمجھے وہ بھی کافر

❤واہ واہ واہ واہ💖 "
3221,373243,1,token_replace,اس,اسی,likely_real_word_contextual,manual full-corpus review: source and target are valid words/forms in context,1379,117,1257,1,False,اس,اسی,پاپولر تو اپنی زندگی میں یزید بھی تھا لیکن وہ حق پر نہیں تھا اس وجہ آج تک لعنت کا حقدار ٹھہر رہا ہے۔۔۔۔ذلیل اعظم کا ذلیل ہونے کا وقت بھی شروع ہو گیا مشہور اس نے جتنا ہونا تھا ہو گیا اب یہ دِن با دِن ذلیل ہو گا,پاپولر تو اپنی زندگی میں یزید بھی تھا لیکن وہ حق پر نہیں تھا اسی وجہ سے آج تک لعنت کا حقدار ٹھہر رہا ہے۔۔۔۔ذلیل اعظم کا ذلیل ہونے کا وقت بھی شروع ہو گیا مشہور اس نے جتنا ہونا تھا ہو گیا اب یہ دِن با دِن ذلیل ہو گا,@ImranRiazKhan پاپولر تو اپنی زندگی میں یزید بھی تھا لیکن وہ حق پر نہیں تھا اس وجہ آج تک لعنت کا حقدار ٹھہر رہا ہے۔۔۔۔ذلیل اعظم کا ذلیل ہونے کا وقت بھی شروع ہو گیا مشہور اس نے جتنا ہونا تھا ہو گیا اب یہ دِن با دِن ذلیل ہو گا,@ImranRiazKhan پاپولر تو اپنی زندگی میں یزید بھی تھا لیکن وہ حق پر نہیں تھا اسی وجہ سے آج تک لعنت کا حقدار ٹھہر رہا ہے۔۔۔۔ذلیل اعظم کا ذلیل ہونے کا وقت بھی شروع ہو گیا مشہور اس نے جتنا ہونا تھا ہو گیا اب یہ دِن با دِن ذلیل ہو گا
3223,373625,1,token_replace,رہیے,رہے,likely_real_word_contextual,manual full-corpus review: source and target are valid words/forms in context,2,438,4,1,False,رہیے,رہے,امریکہ کبھی بھی مدد نہیں کرتا کشمیر بنگلہ دیش افغانستان ہر دفعہ دھوکہ دیا ہے احمق جنرل ہیں جو آزادی کے بعد سے لے کر اب تک غلامی کر رہیے ہیں,امریکہ کبھی بھی مدد نہیں کرتا کشمیر بنگلہ دیش افغانستان ہر دفعہ دھوکہ دیا ہے احمق جنرل ہیں جو آزادی کے بعد سے لے کر اب تک غلامی کر رہے ہیں,@gondalpatriot امریکہ کبھی بھی مدد نہیں کرتا کشمیر بنگلہ دیش افغانستان ہر دفعہ دھوکہ دیا ہے احمق جنرل ہیں جو آزادی کے بعد سے لے کر اب تک غلامی کر رہیے ہیں @OfficialDGISPR,@gondalpatriot امریکہ کبھی بھی مدد نہیں کرتا کشمیر بنگلہ دیش افغانستان ہر دفعہ دھوکہ دیا ہے احمق جنرل ہیں جو آزادی کے بعد سے لے کر اب تک غلامی کر رہے ہیں @OfficialDGISPR
3309,397897,1,token_replace,کہ,کے,likely_real_word_contextual,manual full-corpus review: source and target are valid words/forms in context,960,4087,911,1,False,کہ,کے,انہی بیغرتوں کی وجہ سے آج قوم رو رہی ہے اللہ نے ایک موقع دیا تھا عمران خان کی شکل میں پر ان بد بختوں جتنے پروپاگینڈا کیئے قوم بھی بدزن ہو کر خان کو برا بھلا کہنے لگی پھر اللہ نے بھی اس قوم پر ایسے لوگوں کو مسلط کیا کہ اس قوم کہ چودہ طبق روشن,انہی بیغرتوں کی وجہ سے آج قوم رو رہی ہے اللہ نے ایک موقع دیا تھا عمران خان کی شکل میں پر ان بد بختوں جتنے پروپگینڈا کیئے قوم بھی بدزن ہو کر خان کو برا بھلا کہنے لگی پھر اللہ نے بھی اس قوم پر ایسے لوگوں کو مسلط کیا کہ اس قوم کے چودہ طبق روشن,@DurraniViews انہی بیغرتوں کی وجہ سے آج قوم رو رہی ہے اللہ نے ایک موقع دیا تھا عمران خان کی شکل میں پر ان بد بختوں جتنے پروپاگینڈا کیئے قوم بھی بدزن ہو کر خان کو برا بھلا کہنے لگی پھر اللہ نے بھی اس قوم پر ایسے لوگوں کو مسلط کیا کہ اس قوم کہ چودہ طبق روشن,@DurraniViews انہی بیغرتوں کی وجہ سے آج قوم رو رہی ہے اللہ نے ایک موقع دیا تھا عمران خان کی شکل میں پر ان بد بختوں جتنے پروپگینڈا کیئے قوم بھی بدزن ہو کر خان کو برا بھلا کہنے لگی پھر اللہ نے بھی اس قوم پر ایسے لوگوں کو مسلط کیا کہ اس قوم کے چودہ طبق روشن
3320,399442,1,token_replace,ہیں,ہے,likely_real_word_contextual,manual full-corpus review: source and target are valid words/forms in context,1419,3080,1317,2,False,ہیں,ہے,نام مٹا نہیں ہے بلکہ ملک کے بہت سارے علاقوں میں انکی خاموش محنت جاری ہیں ۔۔۔جس سے امت کا ایک بڑا طبقہ مرتد ہوکر شکیلی بن رہا ہے۔۔اللہ پاک امت کی اس فتنے سے حفاظت فرمائے,نام مٹا نہیں ہے بلکہ ملک کے بہت سارے علاقوں میں ان کی خاموش محنت جاری ہے ۔۔۔جس سے امت کا ایک بڑا طبقہ مرتد ہوکر شکیلی بن رہا ہے۔۔اللہ پاک امت کی اس فتنے سے حفاظت فرمائے,@Sarooji_ نام مٹا نہیں ہے بلکہ ملک کے بہت سارے علاقوں میں انکی خاموش محنت جاری ہیں ۔۔۔جس سے امت کا ایک بڑا طبقہ مرتد ہوکر شکیلی بن رہا ہے۔۔اللہ پاک امت کی اس فتنے سے حفاظت فرمائے,@Sarooji_ نام مٹا نہیں ہے بلکہ ملک کے بہت سارے علاقوں میں ان کی خاموش محنت جاری ہے ۔۔۔جس سے امت کا ایک بڑا طبقہ مرتد ہوکر شکیلی بن رہا ہے۔۔اللہ پاک امت کی اس فتنے سے حفاظت فرمائے
3376,412251,1,token_replace,مان,ماں,likely_real_word_contextual,manual full-corpus review: source and target are valid words/forms in context,27,128,29,1,True,مان,ماں,اگر دلالی کا کوئی اعلیٰ ترین ایوارڈ ہوتا وہ اس شخص کو ملتا نہیں لیگ نے اسکو الیکشن کمیشن کا ہیڈ لگوایا آج کل یہ نمک حلال کر رہا ہے شرم نام کی تو چیز نہیں پیسے کیلیے دھرتی ماں بیچ دی ان کا بس چلے تو اپنی اصلی مان کو بھی بیچ دیں پیسے کے بدلہ۔۔ُ,اگر دلالی کا کوئی اعلیٰ ترین ایوارڈ ہوتا وہ اس شخص کو ملتا نہیں لیگ نے اس کو الیکشن کمیشن کا ہیڈ لگوایا آج کل یہ نمک حلال کر رہا ہے شرم نام کی تو چیز نہیں پیسے کے لیے دھرتی ماں بیچ دی ان کا بس چلے تو اپنی اصلی ماں کو بھی بیچ دیں پیسے کے بدلہ۔۔ُ,اگر دلالی کا کوئی اعلیٰ ترین ایوارڈ ہوتا وہ اس شخص کو ملتا نہیں لیگ نے اسکو الیکشن کمیشن کا ہیڈ لگوایا آج کل یہ نمک حلال کر رہا ہے شرم نام کی تو چیز نہیں پیسے کیلیے دھرتی ماں بیچ دی ان کا بس چلے تو اپنی اصلی مان کو بھی بیچ دیں پیسے کے بدلہ۔۔ُ#کٹھپتلی_الیکشن_کمیشن_نامنظور,اگر دلالی کا کوئی اعلیٰ ترین ایوارڈ ہوتا وہ اس شخص کو ملتا نہیں لیگ نے اس کو الیکشن کمیشن کا ہیڈ لگوایا آج کل یہ نمک حلال کر رہا ہے شرم نام کی تو چیز نہیں پیسے کے لیے دھرتی ماں بیچ دی ان کا بس چلے تو اپنی اصلی ماں کو بھی بیچ دیں پیسے کے بدلہ۔۔ُ
3390,416631,1,token_replace,بر,پر,likely_real_word_contextual,manual full-corpus review: source and target are valid words/forms in context,7,1383,9,1,False,بر,پر,جس طرح عامر خان میں ہندوؤں کی مار سے بجنے کے لئے منہ بر بگوان کی تصویر لگاتا ہے تھیک اسی طرح ٹارڑ چہرے پر نبی کی مبارک سنت رکھ کر موجودہ وقت کے یزیدوں کی حق میں جھوٹ بر جھوٹ بولتے ہیں پاکستان زندآباد,جس طرح عامر خان میں ہندوؤں کی مار سے بجنے کے لئے منہ پر بگوان کی تصویر لگاتا ہے تھیک اسی طرح تارڑ چہرے پر نبی کی مبارک سنت رکھ کر موجودہ وقت کے یزیدوں کی حق میں جھوٹ پر جھوٹ بولتے ہیں پاکستان زندہ باد,"@Maira_pak 🤕جس طرح عامر خان PK میں ہندوؤں کی مار سے بجنے کے لئے منہ بر بگوان کی تصویر لگاتا ہے تھیک اسی طرح ٹارڑ  چہرے پر نبیﷺ کی مبارک سنت رکھ کر
 موجودہ وقت کے یزیدوں کی حق میں جھوٹ بر جھوٹ بولتے ہیں

پاکستان زندآباد",@Maira_pak 🤕جس طرح عامر خان PK میں ہندوؤں کی مار سے بجنے کے لئے منہ پر بگوان کی تصویر لگاتا ہے تھیک اسی طرح تارڑ  چہرے پر نبیﷺ کی مبارک سنت رکھ کر موجودہ وقت کے یزیدوں کی حق میں جھوٹ پر جھوٹ بولتے ہیں پاکستان زندہ باد
3390,416631,2,token_replace,بر,پر,likely_real_word_contextual,manual full-corpus review: source and target are valid words/forms in context,7,1383,9,1,False,بر,پر,جس طرح عامر خان میں ہندوؤں کی مار سے بجنے کے لئے منہ بر بگوان کی تصویر لگاتا ہے تھیک اسی طرح ٹارڑ چہرے پر نبی کی مبارک سنت رکھ کر موجودہ وقت کے یزیدوں کی حق میں جھوٹ بر جھوٹ بولتے ہیں پاکستان زندآباد,جس طرح عامر خان میں ہندوؤں کی مار سے بجنے کے لئے منہ پر بگوان کی تصویر لگاتا ہے تھیک اسی طرح تارڑ چہرے پر نبی کی مبارک سنت رکھ کر موجودہ وقت کے یزیدوں کی حق میں جھوٹ پر جھوٹ بولتے ہیں پاکستان زندہ باد,"@Maira_pak 🤕جس طرح عامر خان PK میں ہندوؤں کی مار سے بجنے کے لئے منہ بر بگوان کی تصویر لگاتا ہے تھیک اسی طرح ٹارڑ  چہرے پر نبیﷺ کی مبارک سنت رکھ کر
 موجودہ وقت کے یزیدوں کی حق میں جھوٹ بر جھوٹ بولتے ہیں

پاکستان زندآباد",@Maira_pak 🤕جس طرح عامر خان PK میں ہندوؤں کی مار سے بجنے کے لئے منہ پر بگوان کی تصویر لگاتا ہے تھیک اسی طرح تارڑ  چہرے پر نبیﷺ کی مبارک سنت رکھ کر موجودہ وقت کے یزیدوں کی حق میں جھوٹ پر جھوٹ بولتے ہیں پاکستان زندہ باد
3441,425700,1,token_replace,سے,نے,likely_real_word_contextual,manual full-corpus review: source and target are valid words/forms in context,2381,1414,2200,1,False,سے,نے,افغان جنگ میں تم سے دونوں ھاتھوں سے مال بنایا,افغان جنگ میں تم نے دونوں ہاتھوں سے مال بنایا,@juipakofficial افغان جنگ میں تم سے دونوں ھاتھوں سے مال بنایا,@juipakofficial افغان جنگ میں تم نے دونوں ہاتھوں سے مال بنایا
3501,439860,1,token_replace,پے,ہے,likely_real_word_contextual,manual full-corpus review: source and target are valid words/forms in context,29,3080,48,1,False,پے,ہے,مادر چود صرف ایک بیان پے,مادر چود صرف ایک بیان ہے,@RanaSanaullahPK مادر چود صرف ایک بیان پے,@RanaSanaullahPK مادر چود صرف ایک بیان ہے
3504,440057,1,token_replace,کی,کے,likely_real_word_contextual,manual full-corpus review: source and target are valid words/forms in context,3360,4087,3285,1,True,کی بچہ,کے بچے,کھوتی کی بچہ اپنے قد کے مطابق بکواس کیا کرو,کھوتی کے بچے اپنے قد کے مطابق بکواس کیا کرو,@hinaparvezbutt کھوتی کی بچہ اپنے قد کے مطابق بکواس کیا کرو,@hinaparvezbutt کھوتی کے بچے اپنے قد کے مطابق بکواس کیا کرو
3504,440057,1,token_replace,بچہ,بچے,likely_real_word_contextual,manual full-corpus review: source and target are valid words/forms in context,49,110,44,1,False,کی بچہ,کے بچے,کھوتی کی بچہ اپنے قد کے مطابق بکواس کیا کرو,کھوتی کے بچے اپنے قد کے مطابق بکواس کیا کرو,@hinaparvezbutt کھوتی کی بچہ اپنے قد کے مطابق بکواس کیا کرو,@hinaparvezbutt کھوتی کے بچے اپنے قد کے مطابق بکواس کیا کرو
3506,440196,1,token_replace,ہم,ہمیں,likely_real_word_contextual,manual full-corpus review: source and target are valid words/forms in context,376,118,360,2,False,ہم,ہمیں,جنکا کام ہے وہ اپنوں کو ننگا کرنے میں لگے ہوئے ہیں تو ہم چاہیئے انڈیا میں ہو یا افغانستان میں کونسا فرق انکو پڑنا ہے خود تو ویسے ملک چھوڑ کر دفع ہوجاتے ہیں,جن کا کام ہے وہ اپنوں کو ننگا کرنے میں لگے ہوئے ہیں تو ہمیں چاہیئے انڈیا میں ہو یا افغانستان میں کون سا فرق ان کو پڑنا ہے خود تو ویسے ملک چھوڑ کر دفع ہو جاتے ہیں,@lmrankhanISP جنکا کام ہے وہ اپنوں کو ننگا کرنے میں لگے ہوئے ہیں تو ہم چاہیئے انڈیا میں ہو یا افغانستان میں کونسا فرق انکو پڑنا ہے خود تو ویسے ملک چھوڑ کر دفع ہوجاتے ہیں,@lmrankhanISP جن کا کام ہے وہ اپنوں کو ننگا کرنے میں لگے ہوئے ہیں تو ہمیں چاہیئے انڈیا میں ہو یا افغانستان میں کون سا فرق ان کو پڑنا ہے خود تو ویسے ملک چھوڑ کر دفع ہو جاتے ہیں
3511,441723,1,token_replace,کروں,کرو,likely_real_word_contextual,manual full-corpus review: source and target are valid words/forms in context,10,134,9,1,False,کروں,کرو,انہی چار اسلامی ملک کی تباہی کاذمہ دار آپ کا باپ امریکہ اسرائیل اور ایران ہے عقل کا استعمال کرو جدید دور اب پہلے والا دور نہیں رہا ہر چیز فاسٹ ہے اور واحدت کے اتحاد کی وجہ سے ان تائید کررہے ہو شرم کروں عمران برکی لعنتی ہے,انہی چار اسلامی ملک کی تباہی کا ذمہ دار آپ کا باپ امریکہ اسرائیل اور ایران ہے عقل کا استعمال کرو جدید دور اب پہلے والا دور نہیں رہا ہر چیز فاسٹ ہے اور وحدت کے اتحاد کی وجہ سے ان تائید کر رہے ہو شرم کرو عمران برکی لعنتی ہے,"@MrsFaro27002360 انہی چار اسلامی ملک کی تباہی کاذمہ دار آپ کا باپ امریکہ اسرائیل اور ایران ہے عقل کا استعمال کرو جدید دور اب پہلے والا دور نہیں رہا ہر چیز فاسٹ ہے اور واحدت کے اتحاد کی وجہ سے ان تائید کررہے ہو شرم کروں عمران برکی لعنتی ہے

#Iranians_rejected_Khomeiniism
Khomeini is Enemi of Islam https://t.co/cl3gemVig4","@MrsFaro27002360 انہی چار اسلامی ملک کی تباہی کا ذمہ دار آپ کا باپ امریکہ اسرائیل اور ایران ہے عقل کا استعمال کرو جدید دور اب پہلے والا دور نہیں رہا ہر چیز فاسٹ ہے اور وحدت کے اتحاد کی وجہ سے ان تائید کر رہے ہو شرم کرو عمران برکی لعنتی ہے


Khomeini is Enemi of Islam "
3539,448465,1,token_replace,ہم,ہمیں,likely_real_word_contextual,manual full-corpus review: source and target are valid words/forms in context,376,118,360,2,False,ہم,ہمیں,جنکا کام ہے وہ اپنوں کو ننگا کرنے میں لگے ہوئے ہیں تو ہم چاہیئے انڈیا میں ہو یا افغانستان میں کونسا فرق انکو پڑنا ہے خود تو ویسے ملک چھوڑ کر دفع ہوجاتے ہیں,جن کا کام ہے وہ اپنوں کو ننگا کرنے میں لگے ہوئے ہیں تو ہمیں چاہیئے انڈیا میں ہو یا افغانستان میں کونسا فرق ان کو پڑنا ہے خود تو ویسے ملک چھوڑ کر دفع ہو جاتے ہیں,@lmrankhanISP @dtnoorkhan جنکا کام ہے وہ اپنوں کو ننگا کرنے میں لگے ہوئے ہیں تو ہم چاہیئے انڈیا میں ہو یا افغانستان میں کونسا فرق انکو پڑنا ہے خود تو ویسے ملک چھوڑ کر دفع ہوجاتے ہیں,@lmrankhanISP @dtnoorkhan جن کا کام ہے وہ اپنوں کو ننگا کرنے میں لگے ہوئے ہیں تو ہمیں چاہیئے انڈیا میں ہو یا افغانستان میں کونسا فرق ان کو پڑنا ہے خود تو ویسے ملک چھوڑ کر دفع ہو جاتے ہیں
3555,452703,1,token_replace,جوتا,ہوتا,likely_real_word_contextual,manual full-corpus review: source and target are valid words/forms in context,3,122,3,1,False,جوتا,ہوتا,اگر تو پکا منافق نہ جوتا تو اتنا عرصہ نوکر شاھی ميں اپنا ساڑھے چار فٹ کا وجود سالم رکھ کر ريٹائر نا جوتا۔,اگر تو پکا منافق نہ ہوتا تو اتنا عرصہ نوکر شاھی ميں اپنا ساڑھے چار فٹ کا وجود سالم رکھ کر ريٹائر نا ہوتا۔,@OryaMaqboolJan اگر تو پکا منافق نہ جوتا تو اتنا عرصہ نوکر شاھی ميں اپنا ساڑھے چار فٹ کا وجود سالم رکھ کر ريٹائر نا جوتا۔,@OryaMaqboolJan اگر تو پکا منافق نہ ہوتا تو اتنا عرصہ نوکر شاھی ميں اپنا ساڑھے چار فٹ کا وجود سالم رکھ کر ريٹائر نا ہوتا۔
3598,461469,1,token_replace,بن,بنی,likely_real_word_contextual,manual full-corpus review: source and target are valid words/forms in context,130,24,132,1,False,بن,بنی,بھائی صاحب وی لوگ اپنے باپ کی تصدیق نہیں کر سکتے ڈیلی میل پاکستان کا اخبار نہیں ہےاور نہ اے آر وائی نیوز کا اخبار ھے اب حرامی کی اولاد نیازی قادیانی کو پچھواڑے پر لات مار بن گالہ کے کوڑے دان میں پھینک دیا جائے,بھائی صاحب وی لوگ اپنے باپ کی تصدیق نہیں کر سکتے ڈیلی میل پاکستان کا اخبار نہیں ہےاور نہ اے آر وائی نیوز کا اخبار ھے اب حرامی کی اولاد نیازی قادیانی کو پچھواڑے پر لات مار بنی گالہ کے کوڑے دان میں پھینک دیا جائے,@AnjumkhanzadaY2 @hayat_kh1 @Shamylaroy @aftabniazi007 بھائی صاحب وی لوگ اپنے باپ کی تصدیق نہیں کر سکتے ڈیلی میل پاکستان کا اخبار نہیں ہےاور نہ اے آر وائی نیوز کا اخبار ھے اب حرامی کی اولاد نیازی قادیانی کو پچھواڑے پر لات مار بن گالہ کے کوڑے دان میں پھینک دیا جائے,@AnjumkhanzadaY2 @hayat_kh1 @Shamylaroy @aftabniazi007 بھائی صاحب وی لوگ اپنے باپ کی تصدیق نہیں کر سکتے ڈیلی میل پاکستان کا اخبار نہیں ہےاور نہ اے آر وائی نیوز کا اخبار ھے اب حرامی کی اولاد نیازی قادیانی کو پچھواڑے پر لات مار بنی گالہ کے کوڑے دان میں پھینک دیا جائے
3615,464486,1,token_replace,کا,کی,likely_real_word_contextual,manual full-corpus review: source and target are valid words/forms in context,2277,3360,2119,1,False,کا,کی,یاد رکھیں یہ لوگ پاکستانی مافیہ اور امریکہ کا مشترکہ پیداوار ہے جس سے اپنی مفادات حاصل کرنا چاھتا ہے۔اب دوبارہ اس کو لانچ کرکے پشتون بلٹ اور افغانستان میں ڈرون اٹیکس اور ملٹری اپریشن کی راہ ہموار کررہا ہے۔,یاد رکھیں یہ لوگ پاکستانی مافیہ اور امریکہ کی مشترکہ پیداوار ہے جس سے اپنی مفادات حاصل کرنا چاھتا ہے۔اب دوبارہ اس کو لانچ کرکے پشتون بلٹ اور افغانستان میں ڈرون اٹیکس اور ملٹری اپریشن کی راہ ہموار کر رہا ہے۔,یاد رکھیں یہ لوگ پاکستانی مافیہ اور امریکہ کا مشترکہ پیداوار ہے جس سے اپنی مفادات حاصل کرنا چاھتا ہے۔اب دوبارہ اس کو لانچ کرکے پشتون بلٹ اور افغانستان میں ڈرون اٹیکس اور ملٹری اپریشن کی راہ ہموار کررہا ہے۔ https://t.co/nLyvoWOMfX,یاد رکھیں یہ لوگ پاکستانی مافیہ اور امریکہ کی مشترکہ پیداوار ہے جس سے اپنی مفادات حاصل کرنا چاھتا ہے۔اب دوبارہ اس کو لانچ کرکے پشتون بلٹ اور افغانستان میں ڈرون اٹیکس اور ملٹری اپریشن کی راہ ہموار کر رہا ہے۔ 
3635,468021,1,token_replace,لڑکیاں,لڑکیوں,likely_real_word_contextual,manual full-corpus review: source and target are valid words/forms in context,9,14,10,1,False,لڑکیاں,لڑکیوں,یار خوبصورت لڑکیاں کی چوت بھی کالی ھوتی ہے کیا,یار خوبصورت لڑکیوں کی چوت بھی کالی ھوتی ہے کیا,@Kinza2626 یار خوبصورت  لڑکیاں کی چوت بھی کالی ھوتی ہے کیا,@Kinza2626 یار خوبصورت  لڑکیوں کی چوت بھی کالی ھوتی ہے کیا
3648,470460,1,token_replace,کا,کوئی,likely_real_word_contextual,manual full-corpus review: source and target are valid words/forms in context,2277,443,2119,3,False,کا,کوئی,رانا ثناءاللہ کا دبنگ اعلان جب تک انٹرٹینمنٹ میں کا مجرا نہیں ہوگا ڈی چوک میں جلسہ کی اجازت نہیں ملے گی,رانا ثناء اللہ کا دبنگ اعلان جب تک انٹرٹینمنٹ میں کوئی مجرا نہیں ہو گا ڈی چوک میں جلسہ کی اجازت نہیں ملے گی,"رانا ثناءاللہ کا دبنگ  اعلان !!! 
جب تک انٹرٹینمنٹ میں #مرشد کا مجرا نہیں ہوگا ڈی چوک میں جلسہ کی اجازت نہیں ملے گی  😂😜😂","رانا ثناء اللہ کا دبنگ  اعلان !!! 
جب تک انٹرٹینمنٹ میں  کوئی مجرا نہیں ہو گا ڈی چوک میں جلسہ کی اجازت نہیں ملے گی  😂😜😂"
3656,472205,1,token_replace,کا,کے,likely_real_word_contextual,manual full-corpus review: source and target are valid words/forms in context,2277,4087,2119,1,False,کا,کے,یہ سارے شیعہ اسکے بیٹی کا یار ہیں اور یہ کمینہ بیٹی پر بھاڑ لیتا ھے,یہ سارے شیعہ اس کی بیٹی کے یار ہیں اور یہ کمینہ بیٹی پر بھاڑ لیتا ھے,@ChTalha147 @KomailMuavia313 یہ سارے شیعہ اسکے بیٹی کا یار ہیں. اور یہ کمینہ بیٹی پر بھاڑ لیتا ھے,@ChTalha147 @KomailMuavia313 یہ سارے شیعہ اس کی بیٹی کے یار ہیں. اور یہ کمینہ بیٹی پر بھاڑ لیتا ھے
3667,477134,1,token_replace,ہو,ہیں,likely_real_word_contextual,manual full-corpus review: source and target are valid words/forms in context,893,1419,747,2,False,ہو,ہیں,یم کنجر لوگوں پر لعنت بھجتے ہو اگر اپ کنجروں پر لعنت بھجتی ہو تو ہمارے گروپ اجائے,ہم کنجر لوگوں پر لعنت بھجتے ہیں اگر آپ کنجروں پر لعنت بھیجتی ہو تو ہمارے گروپ میں آ جاؤ,یم کنجر لوگوں پر لعنت بھجتے ہو اگر اپ کنجروں پر لعنت بھجتی ہو تو ہمارے گروپ اجائے https://t.co/71jhrFoPG1,ہم کنجر لوگوں پر لعنت بھجتے ہیں اگر آپ کنجروں پر لعنت بھیجتی ہو تو ہمارے گروپ میں آ جاؤ
3749,499537,1,token_replace,کہ,کے,likely_real_word_contextual,manual full-corpus review: source and target are valid words/forms in context,960,4087,911,1,False,کہ,کے,او لعنتی خبیث انسان تو اور تیرے ذرداری کو عوام کی طرف سے لعنت لعنت تو کمینہ انسان جیو پیپل پالٹی اور نورا لیگ سے صرف لعنتیں کھانے کہ پیسے لیتا ہے وہ بھی اپنی جیب سے تھوڑا ہی دیتے ہیں بلکہ قومی خزانے سے دیتے ہیں یعنی تم سارے جیو والے سفاک,او لعنتی خبیث انسان تو اور تیرے ذرداری کو عوام کی طرف سے لعنت لعنت تو کمینہ انسان جیو پیپلز پارٹی اور نورا لیگ سے صرف لعنتیں کھانے کے پیسے لیتا ہے وہ بھی اپنی جیب سے تھوڑا ہی دیتے ہیں بلکہ قومی خزانے سے دیتے ہیں یعنی تم سارے جیو والے سفاک,"@waqarsatti او لعنتی خبیث انسان تو اور تیرے ذرداری کو  عوام  کی طرف سے لعنت لعنت
تو کمینہ انسان جیو, پیپل پالٹی اور نورا لیگ سے صرف لعنتیں کھانے کہ پیسے لیتا ہے  وہ بھی اپنی جیب سے تھوڑا ہی دیتے ہیں بلکہ قومی خزانے سے دیتے ہیں 
یعنی تم سارے جیو والے سفاک ","@waqarsatti او لعنتی خبیث انسان تو اور تیرے ذرداری کو  عوام  کی طرف سے لعنت لعنت
تو کمینہ انسان جیو, پیپلز پارٹی اور نورا لیگ سے صرف لعنتیں کھانے کے پیسے لیتا ہے  وہ بھی اپنی جیب سے تھوڑا ہی دیتے ہیں بلکہ قومی خزانے سے دیتے ہیں 
یعنی تم سارے جیو والے سفاک "
3843,533710,1,token_replace,گیں,گے,likely_real_word_contextual,manual full-corpus review: source and target are valid words/forms in context,3,322,4,2,False,گیں,گے,اس طرح تو یہ یوتھئے بچارے ساری زندگی گمراہ ہی رہیں گیں ٹی وی دیکھا تو صرف ، چینل بدل کر دیکھا تو بول۔۔وی لاگ دیکھے تو عمران ریاض،صدیق جان،ملیحہ ہاشمی کے۔۔۔مزاحیہ پروگرام دیکھا تو آفتاب اقبال کا۔۔کالم پڑھا تو ہارون الرشید کا۔۔تبصرے دیکھے تو صابر شاکر،چودھری غلام حسین,اس طرح تو یہ یوتھیے بچارے ساری زندگی گمراہ ہی رہیں گے ٹی وی دیکھا تو صرف ، چینل بدل کر دیکھا تو بول۔۔وی لاگ دیکھے تو عمران ریاض،صدیق جان،ملیحہ ہاشمی کے۔۔۔مزاحیہ پروگرام دیکھا تو آفتاب اقبال کا۔۔کالم پڑھا تو ہارون الرشید کا۔۔تبصرے دیکھے تو صابر شاکر،چودھری غلام حسین,"اس طرح تو یہ یوتھئے بچارے ساری زندگی گمراہ ہی رہیں گیں🤔🤔
ٹی وی دیکھا تو صرف ARY، چینل بدل کر دیکھا تو بول۔۔وی لاگ دیکھے تو عمران ریاض،صدیق جان،ملیحہ ہاشمی کے۔۔۔مزاحیہ پروگرام دیکھا تو آفتاب اقبال کا۔۔کالم پڑھا تو ہارون الرشید کا۔۔تبصرے دیکھے تو صابر شاکر،چودھری غلام حسین https://t.co/USgYQ8UpDz","اس طرح تو یہ یوتھیے بچارے ساری زندگی گمراہ ہی رہیں گے🤔🤔
ٹی وی دیکھا تو صرف ARY، چینل بدل کر دیکھا تو بول۔۔وی لاگ دیکھے تو عمران ریاض،صدیق جان،ملیحہ ہاشمی کے۔۔۔مزاحیہ پروگرام دیکھا تو آفتاب اقبال کا۔۔کالم پڑھا تو ہارون الرشید کا۔۔تبصرے دیکھے تو صابر شاکر،چودھری غلام حسین "
3851,535615,1,token_replace,ہر,پر,likely_real_word_contextual,manual full-corpus review: source and target are valid words/forms in context,168,1383,152,1,False,ہر,پر,کذاب دجال مرزا غلام قادیانی کی بکواسات جو کہ اس کی اپنی کتب میں درج ہیں ان کو دیکھنے کے بعد بھی اگر مرزی اس کی پیروی چھوڑنے کو تیار نہیں تو مجھے کہنا پڑے گا دنیا کا دوسرا بڑا حرامی غلام قادیانی تھا کیونکہ پہلے نمبر ہر تو مرزئی آتے ہیں,کذاب دجال مرزا غلام قادیانی کی بکواسات جو کہ اس کی اپنی کتب میں درج ہیں ان کو دیکھنے کے بعد بھی اگر مرزائی اس کی پیروی چھوڑنے کو تیار نہیں تو مجھے کہنا پڑے گا دنیا کا دوسرا بڑا حرامی غلام قادیانی تھا کیونکہ پہلے نمبر پر تو مرزائی آتے ہیں,"#مرزا_قادیانی_کے_جھوٹ 
کذاب دجال مرزا غلام قادیانی کی بکواسات جو کہ اس کی اپنی کتب میں درج ہیں ان کو دیکھنے کے بعد بھی اگر مرزی اس کی پیروی چھوڑنے کو تیار نہیں تو مجھے کہنا پڑے گا دنیا کا دوسرا بڑا حرامی غلام قادیانی تھا کیونکہ پہلے نمبر ہر تو مرزئی آتے ہیں
#سرمایہ_زیست 
8"," 
کذاب دجال مرزا غلام قادیانی کی بکواسات جو کہ اس کی اپنی کتب میں درج ہیں ان کو دیکھنے کے بعد بھی اگر مرزائی اس کی پیروی چھوڑنے کو تیار نہیں تو مجھے کہنا پڑے گا دنیا کا دوسرا بڑا حرامی غلام قادیانی تھا کیونکہ پہلے نمبر پر تو مرزائی آتے ہیں
 
8"
3906,548861,1,token_replace,کر,کو,likely_real_word_contextual,manual full-corpus review: source and target are valid words/forms in context,1491,2675,1229,1,False,کر,کو,اے اللّہ ھر اس شخص کر برباد فرما اور عبرت بنا جس نے اس ملک کو لوٹا، اس ملک کے اسلامی تشخص کو ضرب پہنچائی، قادیانیت کی مدد کی چاھے سیاستدان ھو، جرنیل ھو، جج ھو بیوریو کریٹ ھو صحافی ھو یا عوام ھو دنیا میں بھی اسے سزا دے اور آخرت میں بھی آمین ثم آمین اب بولو بیغیرتو آمین,اے اللّہ ھر اس شخص کو برباد فرما اور عبرت بنا جس نے اس ملک کو لوٹا، اس ملک کے اسلامی تشخص کو ضرب پہنچائی، قادیانیت کی مدد کی چاھے سیاستدان ھو، جرنیل ھو، جج ھو بیوروکریٹ ھو صحافی ھو یا عوام ھودنیا میں بھی اسے سزا دے اور آخرت میں بھی آمین ثم آمین اب بولو بیغیرتو آمین,"@Skiper786 اے اللّہ ھر اس شخص کر برباد فرما اور عبرت بنا جس نے اس ملک کو لوٹا، اس ملک کے اسلامی تشخص کو ضرب پہنچائی، قادیانیت کی مدد کی چاھے سیاستدان ھو، جرنیل ھو، جج ھو بیوریو کریٹ ھو صحافی ھو یا عوام ھو
دنیا میں بھی اسے سزا دے اور آخرت میں بھی
آمین ثم آمین

اب بولو بیغیرتو آمین","@Skiper786 اے اللّہ ھر اس شخص کو برباد فرما اور عبرت بنا جس نے اس ملک کو لوٹا، اس ملک کے اسلامی تشخص کو ضرب پہنچائی، قادیانیت کی مدد کی چاھے سیاستدان ھو، جرنیل ھو، جج ھو بیوروکریٹ ھو صحافی ھو یا عوام ھودنیا میں بھی اسے سزا دے اور آخرت میں بھی
آمین ثم آمین

اب بولو بیغیرتو آمین"
3962,563221,1,token_replace,کیسی,کسی,likely_real_word_contextual,manual full-corpus review: source and target are valid words/forms in context,8,251,12,1,False,کیسی آفغانی,کسی افغانی,میرا خیال ہیں کیسی آفغانی نے تیری کس کے بونڈ ماری ہیں اس لیے لال پیلا ہو رہی ہو,میرا خیال ہیں کسی افغانی نے تیری کس نے بونڈ ماری ہیں اس لیے لال پیلا ہو رہی ہو,@MemonaMushtaq میرا خیال ہیں کیسی آفغانی نے تیری کس کے بونڈ ماری ہیں اس لیے لال پیلا ہو رہی ہو,@MemonaMushtaq میرا خیال ہیں کسی افغانی نے تیری کس نے بونڈ ماری ہیں اس لیے لال پیلا ہو رہی ہو
3962,563221,1,token_replace,کے,نے,likely_real_word_contextual,manual full-corpus review: source and target are valid words/forms in context,4087,1414,3720,1,False,کے,نے,میرا خیال ہیں کیسی آفغانی نے تیری کس کے بونڈ ماری ہیں اس لیے لال پیلا ہو رہی ہو,میرا خیال ہیں کسی افغانی نے تیری کس نے بونڈ ماری ہیں اس لیے لال پیلا ہو رہی ہو,@MemonaMushtaq میرا خیال ہیں کیسی آفغانی نے تیری کس کے بونڈ ماری ہیں اس لیے لال پیلا ہو رہی ہو,@MemonaMushtaq میرا خیال ہیں کسی افغانی نے تیری کس نے بونڈ ماری ہیں اس لیے لال پیلا ہو رہی ہو
4008,573507,1,token_replace,چلی,چلے,likely_real_word_contextual,manual full-corpus review: source and target are valid words/forms in context,10,36,11,1,True,چلی,چلے,جب یھوتیا کا رنگ چڑھتا ھے تو پھر ایسے ہی ہوتا ھے جیسے آفراب اقبال کے ساتھ ہورھا ھے یہ شازشی ذہیں کا مالک ھے جنرل فیض نے اس جیسے دلے کو نمبر دےدیا تو اسنے اپنی بیتی لیکر فیض کے پاس بھی چلی جانا ھے جیسے عمران کے پاس لے گیا تھا,جب چوتیا کا رنگ چڑھتا ھے تو پھر ایسے ہی ہوتا ھے جیسے آفتاب اقبال کے ساتھ ہو رھا ھے یہ شازشی ذہن کا مالک ھے جنرل فیض نے اس جیسے دلے کو نمبر دے دیا تو اس نے اپنی بیٹی لیکر فیض کے پاس بھی چلے جانا ھے جیسے عمران کے پاس لے گیا تھا,جب یھوتیا کا رنگ چڑھتا ھے تو پھر ایسے ہی ہوتا ھے جیسے آفراب اقبال کے ساتھ ہورھا ھے یہ شازشی ذہیں کا مالک ھے جنرل فیض نے اس جیسے دلے کو نمبر دےدیا تو اسنے اپنی بیتی لیکر فیض کے پاس بھی چلی جانا ھے جیسے عمران کے پاس لے گیا تھا. https://t.co/f4FlflUUqF,جب چوتیا کا رنگ چڑھتا ھے تو پھر ایسے ہی ہوتا ھے جیسے آفتاب اقبال کے ساتھ ہو رھا ھے یہ شازشی ذہن کا مالک ھے جنرل فیض نے اس جیسے دلے کو نمبر دے دیا تو اس نے اپنی بیٹی لیکر فیض کے پاس بھی چلے جانا ھے جیسے عمران کے پاس لے گیا تھا. 
4098,599557,1,token_replace,کر,کے,likely_real_word_contextual,manual full-corpus review: source and target are valid words/forms in context,1491,4087,1229,1,False,کر,کے,ہاہاہاہا۔ تحفظ اپنی بہن کو دے اور اس کو سالہ امیر سمگلر بڈھے کر ہاتھ مت بیچ لوطی افغان۔,ہاہاہاہا۔ تحفظ اپنی بہن کو دے اور اس کو سالہ امیر سمگلر بڈھے کے ہاتھ مت بیچ لوطی افغان۔,@TahirShah687 ہاہاہاہا۔ تحفظ اپنی بہن کو دے اور اس کو 65 سالہ امیر سمگلر بڈھے کر ہاتھ مت بیچ لوطی افغان۔,@TahirShah687 ہاہاہاہا۔ تحفظ اپنی بہن کو دے اور اس کو 65 سالہ امیر سمگلر بڈھے کے ہاتھ مت بیچ لوطی افغان۔
4117,608384,1,token_replace,تیرہ,تیرا,likely_real_word_contextual,manual full-corpus review: source and target are valid words/forms in context,2,29,3,1,False,تیرہ پورہ,تیرا پورا,منحوس تیرہ پورہ خاندان,منحوس تیرا پورا خاندان,@CaptNa14 منحوس تیرہ پورہ خاندان https://t.co/S6cLqewIMI,@CaptNa14 منحوس تیرا پورا خاندان 
4135,613130,1,token_replace,کی,کیا,likely_real_word_contextual,manual full-corpus review: source and target are valid words/forms in context,3360,804,3285,1,False,کی,کیا,آج کی انوکھی خبر پنکی کو جنات نے نیازی پر مسلط کی ھے اور یہ انعام خان اور دوسری اڈیوز پنکی خود لیک کررھی ھے انعام خان کا قریبی یوتھیا دوست یہ کہتے ھوۓ زاروقطار رونے لگ گیا افسوس جانگیر ترین افسوس صد افسوس,آج کی انوکھی خبر پنکی کو جنات نے نیازی پر مسلط کیا ھے اور یہ انعام خان اور دوسری آڈیوز پنکی خود لیک کر رھی ھے انعام خان کا قریبی یوتھیا دوست یہ کہتے ھوۓ زارو قطار رونے لگ گیا افسوس جانگیر ترین افسوس صد افسوس,"آج کی انوکھی خبر

پنکی کو جنات نے نیازی پر مسلط کی ھے
اور یہ انعام خان اور دوسری اڈیوز  پنکی
خود لیک کررھی ھے
انعام خان کا قریبی یوتھیا دوست یہ کہتے
ھوۓ زاروقطار رونے لگ گیا افسوس جانگیر ترین افسوس صد افسوس",آج کی انوکھی خبر پنکی کو جنات نے نیازی پر مسلط کیا ھے اور یہ انعام خان اور دوسری آڈیوز پنکی خود لیک کر رھی ھے انعام خان کا قریبی یوتھیا دوست یہ کہتے ھوۓ زارو قطار رونے لگ گیا افسوس جانگیر ترین افسوس صد افسوس
4201,631684,1,token_replace,بے,ہے,likely_real_word_contextual,manual full-corpus review: source and target are valid words/forms in context,98,3080,431,1,False,بے,ہے,بالکل سھی بات ہے ان بے غیرت حرام خور کتوں کو شرم بالکل نہیں آتی فاشسٹ عمرانی فتنہ کو ختم کرنا ھو گا ورنہ یہ فتنہ پیدا کرے گا لعنت بے کتا صرف بکواس کرتا رھتا ھے اسکو کوئی نہیں پوچھتا غدار قادیانی کی اولاد لعنت ہے شمار لعنت بےشمار لعنت,بالکل سہی بات ہے ان بےغیرت حرام خور کتوں کو شرم بالکل نہیں آتی فاشسٹ عمرانی فتنہ کو ختم کرنا ھو گا ورنہ یہ فتنہ پیدا کرے گا لعنت ہے کتا صرف بکواس کرتا رھتا ھے اسکو کوئی نہیں پوچھتا غدار قادیانی کی اولاد لعنت ہے شمار لعنت بےشمار لعنت,@KhSaad_Rafique بالکل سھی بات ہے ان بے غیرت حرام خور کتوں کو شرم بالکل نہیں آتی فاشسٹ عمرانی فتنہ کو ختم کرنا ھو گا ورنہ یہ فتنہ پیدا کرے گا لعنت بے کتا صرف بکواس کرتا رھتا ھے اسکو کوئی نہیں پوچھتا غدار قادیانی کی اولاد لعنت ہے شمار لعنت بےشمار لعنت,@KhSaad_Rafique بالکل سہی بات ہے ان بےغیرت حرام خور کتوں کو شرم بالکل نہیں آتی فاشسٹ عمرانی فتنہ کو ختم کرنا ھو گا ورنہ یہ فتنہ پیدا کرے گا لعنت ہے کتا صرف بکواس کرتا رھتا ھے اسکو کوئی نہیں پوچھتا غدار قادیانی کی اولاد لعنت ہے شمار لعنت بےشمار لعنت
4202,631729,1,token_replace,کروں,کرو,likely_real_word_contextual,manual full-corpus review: source and target are valid words/forms in context,10,134,9,1,False,کروں کنجی,کرو کنجر,کچھ شرم کروں کنجی انسان تم نے کون سے تیر مارے تھے صرف بوںکنا آتا ہے,کچھ شرم کرو کنجر انسان تم نے کون سے تیر مارے تھے صرف بھونکنا آتا ہے,@Asad_Umar کچھ شرم کروں کنجی انسان تم نے کون سے تیر مارے تھے صرف بوںکنا آتا ہے,@Asad_Umar کچھ شرم کرو کنجر انسان تم نے کون سے تیر مارے تھے صرف بھونکنا آتا ہے
4269,652505,1,token_replace,مرید,مرتد,likely_real_word_contextual,manual full-corpus review: source and target are valid words/forms in context,2,37,3,1,False,مرید,مرتد,شیطان کی اخری روپ واجب قتل فضلو قادیانی یہ شیطان اخری پیغمبر بن گیا ہے۔۔فساد اور ظلم کرنے کے بعد اسلام کی بنیاد اللہ تعالی نے واپس لے لی ۔یہ مرید فضلو تم لوگوں کے سامنے ہے کرو اس قادیانی کو قتل گولی سر پر مارو اس سور کے,شیطان کی آخری روپ واجب قتل فضلو قادیانی یہ شیطان آخری پیغمبر بن گیا ہے۔۔فساد اور ظلم کرنے کے بعد اسلام کی بنیاد اللہ تعالی نے واپس لے لی ۔یہ مرتد فضلو تم لوگوں کے سامنے ہے کرو اس قادیانی کو قتل گولی سر پر مارو اس سور کے,"شیطان کی اخری روپ
واجب قتل فضلو قادیانی 
یہ شیطان  اخری پیغمبر بن گیا ہے۔۔فساد اور ظلم کرنے کے بعد اسلام کی بنیاد اللہ تعالی نے واپس لے لی ۔یہ مرید فضلو تم لوگوں  کے سامنے ہے کرو اس قادیانی کو قتل گولی سر پر مارو اس سور کے
@MoulanaOfficial @MaulanaHaideri",شیطان کی آخری روپ واجب قتل فضلو قادیانی  یہ شیطان  آخری پیغمبر بن گیا ہے۔۔فساد اور ظلم کرنے کے بعد اسلام کی بنیاد اللہ تعالی نے واپس لے لی ۔یہ مرتد فضلو تم لوگوں  کے سامنے ہے کرو اس قادیانی کو قتل گولی سر پر مارو اس سور کے @MoulanaOfficial @MaulanaHaideri
4282,655643,1,token_replace,ملیں,ملے,likely_real_word_contextual,manual full-corpus review: source and target are valid words/forms in context,10,44,11,2,False,ملیں,ملے,ایک اور گھٹیاں کتاب لکھنے کی تیاری یاد رکھنا ٹھٹھے اور سب کچھ صحیح ناپ تول کر کتاب لکھنا ہے تا کہ اپکو انٹرنیشنل سیکس انڈسٹری میں صحیح جاب ملیں,ایک اور گھٹیا کتاب لکھنے کی تیاری یاد رکھنا ٹٹے اور سب کچھ صحیح ناپ تول کر کتاب لکھنا ہے تا کہ آپ کو انٹرنیشنل سیکس انڈسٹری میں صحیح جاب ملے,"@RehamKhan1 ایک اور گھٹیاں کتاب لکھنے کی تیاری
یاد رکھنا ٹھٹھے اور سب کچھ صحیح ناپ تول کر کتاب لکھنا ہے تا کہ اپکو انٹرنیشنل سیکس انڈسٹری میں صحیح جاب ملیں",@RehamKhan1 ایک اور گھٹیا کتاب لکھنے کی تیاری یاد رکھنا ٹٹے اور سب کچھ صحیح ناپ تول کر کتاب لکھنا ہے تا کہ آپ کو انٹرنیشنل سیکس انڈسٹری میں صحیح جاب ملے
4294,658756,1,token_replace,سی,سے,likely_real_word_contextual,manual full-corpus review: source and target are valid words/forms in context,72,2381,70,1,True,سی,سے,عمران خان سیکس گیجٹ استمال کرتا ھے اپنی حد سے بڑھی ہوئی جنسی ہوس پوری کرنے کے لیۓ۔ جس کی وجہ سی اس کا آلہ تناسل زخمی ہو گیا اس کا ذکر وہ خود بھی کر رھا ھے اور عائلہ تصدیق کر رہی کہ رہی تھی دوبارہ ملنے کے لیۓ تین ہفتوں کے بعد کا ٹ,عمران خان سیکس گیجٹ استعمال کرتا ھے اپنی حد سے بڑھی ہوئی جنسی ہوس پوری کرنے کے لیۓ۔ جس کی وجہ سے اس کا آلہ تناسل زخمی ہو گیا اس کا ذکر وہ خود بھی کر رھا ھے اور عائلہ تصدیق کر رہی کہ رہی تھی دوبارہ ملنے کے لیۓ تین ہفتوں کے بعد کاٹ,"https://t.co/0v19QXZMgP

عمران خان سیکس گیجٹ استمال کرتا ھے اپنی حد سے بڑھی ہوئی جنسی ہوس پوری کرنے کے لیۓ۔ جس کی وجہ سی اس کا آلہ تناسل زخمی ہو گیا
اس کا ذکر وہ خود بھی کر رھا ھے اور عائلہ  تصدیق کر رہی
کہ رہی تھی دوبارہ ملنے کے لیۓ تین ہفتوں کے بعد کا ٹ",عمران خان سیکس گیجٹ استعمال کرتا ھے اپنی حد سے بڑھی ہوئی جنسی ہوس پوری کرنے کے لیۓ۔ جس کی وجہ سے اس کا آلہ تناسل زخمی ہو گیا اس کا ذکر وہ خود بھی کر رھا ھے اور عائلہ  تصدیق کر رہی کہ رہی تھی دوبارہ ملنے کے لیۓ تین ہفتوں کے بعد کاٹ
4311,661013,1,token_replace,ہو,ہیں,likely_real_word_contextual,manual full-corpus review: source and target are valid words/forms in context,893,1419,747,2,False,ہو,ہیں,یہ بھی چ تھا جس نے تم سے شادی کی جو اتنوں کے ساتھ سو چکی ہو اس سے کیا شادی کرنا وہ تو ویسے ہی مل جاتی ہیں تم جیسی عورتیں پیسو سے مل جاتی ہو,یہ بھی چ تھا جس نے تم سے شادی کی جو اتنوں کے ساتھ سو چکی ہو اس سے کیا شادی کرنا وہ تو ویسے ہی مل جاتی ہیں تم جیسی عورتیں پیسوں سے مل جاتی ہیں,@RehamKhan1 @MirzaBilal__ یہ بھی چ تھا جس نے تم سے شادی کی جو اتنوں  کے ساتھ سو چکی ہو اس سے کیا شادی کرنا وہ تو ویسے ہی مل جاتی ہیں تم جیسی عورتیں پیسو سے مل جاتی ہو,@RehamKhan1 @MirzaBilal__ یہ بھی چ تھا جس نے تم سے شادی کی جو اتنوں  کے ساتھ سو چکی ہو اس سے کیا شادی کرنا وہ تو ویسے ہی مل جاتی ہیں تم جیسی عورتیں پیسوں سے مل جاتی ہیں 
4320,662197,1,token_replace,کے,کہ,likely_real_word_contextual,manual full-corpus review: source and target are valid words/forms in context,4087,960,3720,1,False,کے,کہ,أخر کب تک اس قوم کو صرف عمران خان جھوٹ سنا کر ورگلاتا رھے گا۔ اخر کس کی ذمیواری ھے کے سچ کوسامنے لاے ۔ آڈیو اخر جرمنی کیسے گی اور کس نے رلیز کی اگے کون کون سی وڈیو اسکھتی ھے۔ بزدار اور شھزاد اکبر کی کون سی وڈيو ھیں جو عمران خان کو دکھا,آخر کب تک اس قوم کو صرف عمران خان جھوٹ سنا کر ورغلاتا رھے گا۔ آخر کس کی ذمہ داری ھے کہ سچ کو سامنے لاے ۔ آڈیو آخر جرمنی کیسے گی اور کس نے رلیز کی آگے کون کون سی وڈیو آ سکتی ھے۔ بزدار اور شھزاد اکبر کی کون سی وڈيو ھیں جو عمران خان کو دکھا,"@SocialDigitally أخر کب تک اس قوم کو صرف عمران خان جھوٹ سنا کر ورگلاتا رھے گا۔ اخر کس کی ذمیواری ھے کے سچ کوسامنے لاے ۔
آڈیو اخر جرمنی کیسے گی اور کس نے رلیز کی   اگے کون کون سی وڈیو اسکھتی ھے۔ 
بزدار اور شھزاد اکبر کی کون سی وڈيو ھیں جو عمران خان کو دکھا","@SocialDigitally آخر کب تک اس قوم کو صرف عمران خان جھوٹ سنا کر ورغلاتا رھے گا۔ آخر کس کی ذمہ داری ھے کہ سچ کو سامنے لاے ۔
آڈیو آخر جرمنی کیسے گی اور کس نے رلیز کی   آگے کون کون سی وڈیو آ سکتی ھے۔  بزدار اور شھزاد اکبر کی کون سی وڈيو ھیں جو عمران خان کو دکھا"
